date;class;sales;qty
2011-01-05 00:00:00.000;"H ";13778,24;4
2011-01-06 00:00:00.000;"H ";13931,52;4
2011-01-07 00:00:00.000;"H ";14313,08;4
2011-01-08 00:00:00.000;"H ";7156,54;2
2011-01-09 00:00:00.000;"H ";14313,08;4
2011-01-10 00:00:00.000;"H ";14313,08;4
2011-01-11 00:00:00.000;"H ";7156,54;2
2011-01-12 00:00:00.000;"H ";7156,54;2
2011-01-13 00:00:00.000;"H ";20909,78;6
2011-01-14 00:00:00.000;"H ";10556,53;3
2011-01-15 00:00:00.000;"H ";14313,08;4
2011-01-16 00:00:00.000;"H ";14134,80;4
2011-01-17 00:00:00.000;"H ";7156,54;2
2011-01-18 00:00:00.000;"H ";25047,89;7
2011-01-19 00:00:00.000;"H ";10531,53;3
2011-01-20 00:00:00.000;"H ";14313,08;4
2011-01-21 00:00:00.000;"H ";14134,80;4
2011-01-22 00:00:00.000;"H ";6953,26;2
2011-01-23 00:00:00.000;"H ";24869,61;7
2011-01-24 00:00:00.000;"H ";10556,53;3
2011-01-25 00:00:00.000;"H ";14313,08;4
2011-01-26 00:00:00.000;"H ";38241,29;11
2011-01-27 00:00:00.000;"H ";14313,08;4
2011-01-28 00:00:00.000;"H ";10734,81;3
2011-01-29 00:00:00.000;"H ";10734,81;3
2011-01-30 00:00:00.000;"H ";17534,79;5
2011-01-31 00:00:00.000;"H ";28041,32;8
2011-02-01 00:00:00.000;"H ";17688,07;5
2011-02-02 00:00:00.000;"H ";17688,07;5
2011-02-03 00:00:00.000;"H ";13703,24;4
2011-02-04 00:00:00.000;"H ";14313,08;4
2011-02-05 00:00:00.000;"H ";17891,35;5
2011-02-06 00:00:00.000;"H ";10734,81;3
2011-02-07 00:00:00.000;"H ";10531,53;3
2011-02-08 00:00:00.000;"H ";17534,79;5
2011-02-09 00:00:00.000;"H ";14313,08;4
2011-02-10 00:00:00.000;"H ";24691,33;7
2011-02-11 00:00:00.000;"H ";14313,08;4
2011-02-12 00:00:00.000;"H ";10556,53;3
2011-02-13 00:00:00.000;"H ";13906,52;4
2011-02-14 00:00:00.000;"H ";21088,06;6
2011-02-15 00:00:00.000;"H ";17891,35;5
2011-02-16 00:00:00.000;"H ";21469,62;6
2011-02-17 00:00:00.000;"H ";10531,53;3
2011-02-18 00:00:00.000;"H ";14313,08;4
2011-02-19 00:00:00.000;"H ";21113,06;6
2011-02-21 00:00:00.000;"H ";3578,27;1
2011-02-22 00:00:00.000;"H ";21266,34;6
2011-02-23 00:00:00.000;"H ";14313,08;4
2011-02-24 00:00:00.000;"H ";21266,34;6
2011-02-25 00:00:00.000;"H ";28016,32;8
2011-02-26 00:00:00.000;"H ";17688,07;5
2011-02-27 00:00:00.000;"H ";10531,53;3
2011-02-28 00:00:00.000;"H ";28269,60;8
2011-03-01 00:00:00.000;"H ";6953,26;2
2011-03-02 00:00:00.000;"H ";24691,33;7
2011-03-03 00:00:00.000;"H ";7156,54;2
2011-03-04 00:00:00.000;"H ";7156,54;2
2011-03-05 00:00:00.000;"H ";17688,07;5
2011-03-06 00:00:00.000;"H ";24691,33;7
2011-03-07 00:00:00.000;"H ";20859,78;6
2011-03-08 00:00:00.000;"H ";14313,08;4
2011-03-09 00:00:00.000;"H ";35782,70;10
2011-03-10 00:00:00.000;"H ";10734,81;3
2011-03-11 00:00:00.000;"H ";21113,06;6
2011-03-12 00:00:00.000;"H ";10734,81;3
2011-03-13 00:00:00.000;"H ";21469,62;6
2011-03-14 00:00:00.000;"H ";14313,08;4
2011-03-15 00:00:00.000;"H ";10734,81;3
2011-03-16 00:00:00.000;"H ";24463,05;7
2011-03-17 00:00:00.000;"H ";10734,81;3
2011-03-19 00:00:00.000;"H ";6978,26;2
2011-03-20 00:00:00.000;"H ";6953,26;2
2011-03-21 00:00:00.000;"H ";17891,35;5
2011-03-22 00:00:00.000;"H ";14313,08;4
2011-03-23 00:00:00.000;"H ";14313,08;4
2011-03-24 00:00:00.000;"H ";13956,52;4
2011-03-25 00:00:00.000;"H ";17891,35;5
2011-03-26 00:00:00.000;"H ";24869,61;7
2011-03-27 00:00:00.000;"H ";7156,54;2
2011-03-28 00:00:00.000;"H ";20909,78;6
2011-03-29 00:00:00.000;"H ";21469,62;6
2011-03-30 00:00:00.000;"H ";21469,62;6
2011-03-31 00:00:00.000;"H ";10734,81;3
2011-04-01 00:00:00.000;"H ";10734,81;3
2011-04-02 00:00:00.000;"H ";14313,08;4
2011-04-03 00:00:00.000;"H ";25047,89;7
2011-04-04 00:00:00.000;"H ";3578,27;1
2011-04-06 00:00:00.000;"H ";35782,70;10
2011-04-07 00:00:00.000;"H ";10556,53;3
2011-04-08 00:00:00.000;"H ";10531,53;3
2011-04-09 00:00:00.000;"H ";14313,08;4
2011-04-10 00:00:00.000;"H ";7156,54;2
2011-04-11 00:00:00.000;"H ";24488,05;7
2011-04-12 00:00:00.000;"H ";6953,26;2
2011-04-13 00:00:00.000;"H ";10734,81;3
2011-04-14 00:00:00.000;"H ";31847,87;9
2011-04-15 00:00:00.000;"H ";28422,88;8
2011-04-16 00:00:00.000;"H ";17891,35;5
2011-04-17 00:00:00.000;"H ";28016,32;8
2011-04-18 00:00:00.000;"H ";42557,68;12
2011-04-19 00:00:00.000;"H ";17534,79;5
2011-04-20 00:00:00.000;"H ";10734,81;3
2011-04-21 00:00:00.000;"H ";6953,26;2
2011-04-22 00:00:00.000;"H ";17484,79;5
2011-04-23 00:00:00.000;"H ";10531,53;3
2011-04-24 00:00:00.000;"H ";28447,88;8
2011-04-25 00:00:00.000;"H ";14313,08;4
2011-04-26 00:00:00.000;"H ";21469,62;6
2011-04-27 00:00:00.000;"H ";10734,81;3
2011-04-28 00:00:00.000;"H ";10556,53;3
2011-04-29 00:00:00.000;"H ";14313,08;4
2011-05-01 00:00:00.000;"H ";3578,27;1
2011-05-02 00:00:00.000;"H ";7156,54;2
2011-05-03 00:00:00.000;"H ";28626,16;8
2011-05-04 00:00:00.000;"H ";14313,08;4
2011-05-05 00:00:00.000;"H ";21088,06;6
2011-05-06 00:00:00.000;"H ";21291,34;6
2011-05-07 00:00:00.000;"H ";6749,98;2
2011-05-08 00:00:00.000;"H ";20731,50;6
2011-05-09 00:00:00.000;"H ";10734,81;3
2011-05-10 00:00:00.000;"H ";13931,52;4
2011-05-11 00:00:00.000;"H ";17713,07;5
2011-05-12 00:00:00.000;"H ";21291,34;6
2011-05-13 00:00:00.000;"H ";17509,79;5
2011-05-14 00:00:00.000;"H ";25047,89;7
2011-05-15 00:00:00.000;"H ";28626,16;8
2011-05-16 00:00:00.000;"H ";14313,08;4
2011-05-17 00:00:00.000;"H ";21063,06;6
2011-05-18 00:00:00.000;"H ";21469,62;6
2011-05-19 00:00:00.000;"H ";17891,35;5
2011-05-20 00:00:00.000;"H ";27709,76;8
2011-05-21 00:00:00.000;"H ";28041,32;8
2011-05-22 00:00:00.000;"H ";14109,80;4
2011-05-23 00:00:00.000;"H ";24844,61;7
2011-05-24 00:00:00.000;"H ";10734,81;3
2011-05-25 00:00:00.000;"H ";10556,53;3
2011-05-26 00:00:00.000;"H ";17891,35;5
2011-05-27 00:00:00.000;"H ";14134,80;4
2011-05-28 00:00:00.000;"H ";21113,06;6
2011-05-29 00:00:00.000;"H ";3578,27;1
2011-05-30 00:00:00.000;"H ";10734,81;3
2011-05-31 00:00:00.000;"H ";24641,33;7
2011-06-01 00:00:00.000;"H ";10531,53;3
2011-06-02 00:00:00.000;"H ";17891,35;5
2011-06-03 00:00:00.000;"H ";7156,54;2
2011-06-04 00:00:00.000;"H ";20934,78;6
2011-06-05 00:00:00.000;"H ";17891,35;5
2011-06-06 00:00:00.000;"H ";17891,35;5
2011-06-07 00:00:00.000;"H ";17688,07;5
2011-06-08 00:00:00.000;"H ";24844,61;7
2011-06-09 00:00:00.000;"H ";35401,14;10
2011-06-10 00:00:00.000;"H ";14134,80;4
2011-06-11 00:00:00.000;"H ";21063,06;6
2011-06-12 00:00:00.000;"H ";17891,35;5
2011-06-13 00:00:00.000;"H ";21291,34;6
2011-06-14 00:00:00.000;"H ";52657,65;15
2011-06-15 00:00:00.000;"H ";17713,07;5
2011-06-16 00:00:00.000;"H ";7156,54;2
2011-06-17 00:00:00.000;"H ";35782,70;10
2011-06-18 00:00:00.000;"H ";14313,08;4
2011-06-19 00:00:00.000;"H ";38191,29;11
2011-06-20 00:00:00.000;"H ";17688,07;5
2011-06-21 00:00:00.000;"H ";38979,41;11
2011-06-22 00:00:00.000;"H ";21266,34;6
2011-06-23 00:00:00.000;"H ";10531,53;3
2011-06-24 00:00:00.000;"H ";21469,62;6
2011-06-25 00:00:00.000;"H ";38979,41;11
2011-06-26 00:00:00.000;"H ";28016,32;8
2011-06-27 00:00:00.000;"H ";24869,61;7
2011-06-28 00:00:00.000;"H ";21469,62;6
2011-06-29 00:00:00.000;"H ";25047,89;7
2011-06-30 00:00:00.000;"H ";14313,08;4
2011-07-01 00:00:00.000;"H ";17688,07;5
2011-07-02 00:00:00.000;"H ";24844,61;7
2011-07-03 00:00:00.000;"H ";14313,08;4
2011-07-04 00:00:00.000;"H ";24869,61;7
2011-07-05 00:00:00.000;"H ";28219,60;8
2011-07-06 00:00:00.000;"H ";24488,05;7
2011-07-07 00:00:00.000;"H ";21469,62;6
2011-07-08 00:00:00.000;"H ";10531,53;3
2011-07-09 00:00:00.000;"H ";14313,08;4
2011-07-10 00:00:00.000;"H ";28041,32;8
2011-07-11 00:00:00.000;"H ";17713,07;5
2011-07-12 00:00:00.000;"H ";7156,54;2
2011-07-13 00:00:00.000;"H ";21266,34;6
2011-07-14 00:00:00.000;"H ";7156,54;2
2011-07-15 00:00:00.000;"H ";24666,33;7
2011-07-16 00:00:00.000;"H ";17891,35;5
2011-07-17 00:00:00.000;"H ";14109,80;4
2011-07-18 00:00:00.000;"H ";31619,59;9
2011-07-19 00:00:00.000;"H ";25047,89;7
2011-07-20 00:00:00.000;"H ";7156,54;2
2011-07-21 00:00:00.000;"H ";31669,59;9
2011-07-22 00:00:00.000;"H ";20681,50;6
2011-07-23 00:00:00.000;"H ";24666,33;7
2011-07-24 00:00:00.000;"H ";24666,33;7
2011-07-25 00:00:00.000;"H ";14313,08;4
2011-07-26 00:00:00.000;"H ";17891,35;5
2011-07-27 00:00:00.000;"H ";21469,62;6
2011-07-28 00:00:00.000;"H ";24691,33;7
2011-07-29 00:00:00.000;"H ";31644,59;9
2011-07-30 00:00:00.000;"H ";10734,81;3
2011-07-31 00:00:00.000;"H ";24869,61;7
2011-08-01 00:00:00.000;"H ";3578,27;1
2011-08-02 00:00:00.000;"H ";17509,79;5
2011-08-03 00:00:00.000;"H ";14134,80;4
2011-08-04 00:00:00.000;"H ";14109,80;4
2011-08-05 00:00:00.000;"H ";10556,53;3
2011-08-06 00:00:00.000;"H ";25047,89;7
2011-08-07 00:00:00.000;"H ";21063,06;6
2011-08-08 00:00:00.000;"H ";17891,35;5
2011-08-09 00:00:00.000;"H ";17891,35;5
2011-08-10 00:00:00.000;"H ";24844,61;7
2011-08-11 00:00:00.000;"H ";14313,08;4
2011-08-12 00:00:00.000;"H ";20884,78;6
2011-08-13 00:00:00.000;"H ";21291,34;6
2011-08-14 00:00:00.000;"H ";21088,06;6
2011-08-15 00:00:00.000;"H ";14109,80;4
2011-08-16 00:00:00.000;"H ";10734,81;3
2011-08-17 00:00:00.000;"H ";35401,14;10
2011-08-18 00:00:00.000;"H ";39360,97;11
2011-08-19 00:00:00.000;"H ";10531,53;3
2011-08-20 00:00:00.000;"H ";24666,33;7
2011-08-21 00:00:00.000;"H ";21469,62;6
2011-08-22 00:00:00.000;"H ";21469,62;6
2011-08-23 00:00:00.000;"H ";6978,26;2
2011-08-24 00:00:00.000;"H ";14313,08;4
2011-08-25 00:00:00.000;"H ";7156,54;2
2011-08-26 00:00:00.000;"H ";17891,35;5
2011-08-27 00:00:00.000;"H ";14313,08;4
2011-08-28 00:00:00.000;"H ";3578,27;1
2011-08-29 00:00:00.000;"H ";35401,14;10
2011-08-30 00:00:00.000;"H ";17891,35;5
2011-08-31 00:00:00.000;"H ";28626,16;8
2011-09-01 00:00:00.000;"H ";7156,54;2
2011-09-02 00:00:00.000;"H ";39157,69;11
2011-09-03 00:00:00.000;"H ";10734,81;3
2011-09-04 00:00:00.000;"H ";17688,07;5
2011-09-05 00:00:00.000;"H ";17688,07;5
2011-09-06 00:00:00.000;"H ";21291,34;6
2011-09-07 00:00:00.000;"H ";21266,34;6
2011-09-08 00:00:00.000;"H ";24844,61;7
2011-09-09 00:00:00.000;"H ";10734,81;3
2011-09-10 00:00:00.000;"H ";28447,88;8
2011-09-11 00:00:00.000;"H ";28066,32;8
2011-09-12 00:00:00.000;"H ";13906,52;4
2011-09-13 00:00:00.000;"H ";17891,35;5
2011-09-14 00:00:00.000;"H ";7156,54;2
2011-09-15 00:00:00.000;"H ";20884,78;6
2011-09-16 00:00:00.000;"H ";14134,80;4
2011-09-17 00:00:00.000;"H ";31416,31;9
2011-09-18 00:00:00.000;"H ";10556,53;3
2011-09-19 00:00:00.000;"H ";28219,60;8
2011-09-20 00:00:00.000;"H ";17891,35;5
2011-09-21 00:00:00.000;"H ";24334,77;7
2011-09-22 00:00:00.000;"H ";21469,62;6
2011-09-23 00:00:00.000;"H ";10734,81;3
2011-09-24 00:00:00.000;"H ";31847,87;9
2011-09-25 00:00:00.000;"H ";14313,08;4
2011-09-26 00:00:00.000;"H ";20884,78;6
2011-09-27 00:00:00.000;"H ";17688,07;5
2011-09-28 00:00:00.000;"H ";42354,40;12
2011-09-29 00:00:00.000;"H ";17688,07;5
2011-09-30 00:00:00.000;"H ";24869,61;7
2011-10-01 00:00:00.000;"H ";10734,81;3
2011-10-02 00:00:00.000;"H ";28626,16;8
2011-10-03 00:00:00.000;"H ";21266,34;6
2011-10-04 00:00:00.000;"H ";14313,08;4
2011-10-05 00:00:00.000;"H ";13931,52;4
2011-10-06 00:00:00.000;"H ";10734,81;3
2011-10-07 00:00:00.000;"H ";10556,53;3
2011-10-08 00:00:00.000;"H ";28422,88;8
2011-10-09 00:00:00.000;"H ";24641,33;7
2011-10-10 00:00:00.000;"H ";17688,07;5
2011-10-11 00:00:00.000;"H ";14134,80;4
2011-10-12 00:00:00.000;"H ";24641,33;7
2011-10-13 00:00:00.000;"H ";10734,81;3
2011-10-14 00:00:00.000;"H ";17891,35;5
2011-10-15 00:00:00.000;"H ";14109,80;4
2011-10-16 00:00:00.000;"H ";20884,78;6
2011-10-17 00:00:00.000;"H ";35376,14;10
2011-10-18 00:00:00.000;"H ";13931,52;4
2011-10-19 00:00:00.000;"H ";7156,54;2
2011-10-20 00:00:00.000;"H ";46135,95;13
2011-10-21 00:00:00.000;"H ";24309,77;7
2011-10-22 00:00:00.000;"H ";31847,87;9
2011-10-23 00:00:00.000;"H ";21469,62;6
2011-10-24 00:00:00.000;"H ";10531,53;3
2011-10-25 00:00:00.000;"H ";31797,87;9
2011-10-26 00:00:00.000;"H ";13931,52;4
2011-10-27 00:00:00.000;"H ";14134,80;4
2011-10-28 00:00:00.000;"H ";32026,15;9
2011-10-29 00:00:00.000;"H ";10531,53;3
2011-10-30 00:00:00.000;"H ";20909,78;6
2011-10-31 00:00:00.000;"H ";14313,08;4
2011-11-01 00:00:00.000;"H ";32001,15;9
2011-11-02 00:00:00.000;"H ";14313,08;4
2011-11-03 00:00:00.000;"H ";38979,41;11
2011-11-04 00:00:00.000;"H ";38776,13;11
2011-11-05 00:00:00.000;"H ";35782,70;10
2011-11-06 00:00:00.000;"H ";17891,35;5
2011-11-07 00:00:00.000;"H ";10734,81;3
2011-11-08 00:00:00.000;"H ";38979,41;11
2011-11-09 00:00:00.000;"H ";10353,25;3
2011-11-10 00:00:00.000;"H ";20884,78;6
2011-11-11 00:00:00.000;"H ";13931,52;4
2011-11-12 00:00:00.000;"H ";31822,87;9
2011-11-13 00:00:00.000;"H ";21266,34;6
2011-11-14 00:00:00.000;"H ";6953,26;2
2011-11-15 00:00:00.000;"H ";13931,52;4
2011-11-16 00:00:00.000;"H ";32001,15;9
2011-11-17 00:00:00.000;"H ";38622,85;11
2011-11-18 00:00:00.000;"H ";21063,06;6
2011-11-19 00:00:00.000;"H ";21469,62;6
2011-11-20 00:00:00.000;"H ";28219,60;8
2011-11-21 00:00:00.000;"H ";31644,59;9
2011-11-22 00:00:00.000;"H ";28447,88;8
2011-11-23 00:00:00.000;"H ";13931,52;4
2011-11-24 00:00:00.000;"H ";21291,34;6
2011-11-25 00:00:00.000;"H ";21266,34;6
2011-11-26 00:00:00.000;"H ";21266,34;6
2011-11-27 00:00:00.000;"H ";24641,33;7
2011-11-28 00:00:00.000;"H ";20731,50;6
2011-11-29 00:00:00.000;"H ";28244,60;8
2011-11-30 00:00:00.000;"H ";17891,35;5
2011-12-01 00:00:00.000;"H ";14109,80;4
2011-12-02 00:00:00.000;"H ";14109,80;4
2011-12-03 00:00:00.000;"H ";3578,27;1
2011-12-04 00:00:00.000;"H ";21266,34;6
2011-12-05 00:00:00.000;"H ";6953,26;2
2011-12-06 00:00:00.000;"H ";14313,08;4
2011-12-07 00:00:00.000;"H ";39182,69;11
2011-12-08 00:00:00.000;"H ";6953,26;2
2011-12-09 00:00:00.000;"H ";21088,06;6
2011-12-10 00:00:00.000;"H ";17713,07;5
2011-12-11 00:00:00.000;"H ";24666,33;7
2011-12-12 00:00:00.000;"H ";24488,05;7
2011-12-13 00:00:00.000;"H ";28422,88;8
2011-12-14 00:00:00.000;"H ";17534,79;5
2011-12-15 00:00:00.000;"H ";24666,33;7
2011-12-16 00:00:00.000;"H ";17713,07;5
2011-12-17 00:00:00.000;"H ";31822,87;9
2011-12-18 00:00:00.000;"H ";6774,98;2
2011-12-19 00:00:00.000;"H ";13956,52;4
2011-12-20 00:00:00.000;"H ";14313,08;4
2011-12-21 00:00:00.000;"H ";7156,54;2
2011-12-22 00:00:00.000;"H ";17891,35;5
2011-12-23 00:00:00.000;"H ";24666,33;7
2011-12-24 00:00:00.000;"H ";38954,41;11
2011-12-25 00:00:00.000;"H ";21088,06;6
2011-12-26 00:00:00.000;"H ";28422,88;8
2011-12-27 00:00:00.000;"H ";17713,07;5
2011-12-28 00:00:00.000;"H ";42176,12;12
2011-12-29 00:00:00.000;"H ";21291,34;6
2011-12-30 00:00:00.000;"H ";17713,07;5
2011-12-31 00:00:00.000;"H ";24641,33;7
2012-01-01 00:00:00.000;"H ";32001,15;9
2012-01-02 00:00:00.000;"H ";14109,80;4
2012-01-03 00:00:00.000;"H ";28219,60;8
2012-01-04 00:00:00.000;"H ";17534,79;5
2012-01-05 00:00:00.000;"H ";12714,3035;6
2012-01-05 00:00:00.000;"M ";1000,4375;1
2012-01-06 00:00:00.000;"H ";2181,5625;1
2012-01-06 00:00:00.000;"M ";1000,4375;1
2012-01-07 00:00:00.000;"H ";27617,0107;12
2012-01-08 00:00:00.000;"M ";1000,4375;1
2012-01-08 00:00:00.000;"H ";13764,5946;6
2012-01-09 00:00:00.000;"M ";1000,4375;1
2012-01-09 00:00:00.000;"H ";20176,8178;9
2012-01-10 00:00:00.000;"M ";1000,4375;1
2012-01-10 00:00:00.000;"H ";20678,0714;9
2012-01-11 00:00:00.000;"M ";1000,4375;1
2012-01-11 00:00:00.000;"H ";17077,4285;8
2012-01-12 00:00:00.000;"H ";13480,4857;6
2012-01-13 00:00:00.000;"H ";11056,316;5
2012-01-14 00:00:00.000;"M ";1000,4375;1
2012-01-14 00:00:00.000;"H ";6544,6875;3
2012-01-15 00:00:00.000;"H ";15419,441;7
2012-01-15 00:00:00.000;"M ";2000,875;2
2012-01-16 00:00:00.000;"H ";17471,6803;8
2012-01-17 00:00:00.000;"H ";21352,732;10
2012-01-18 00:00:00.000;"H ";21941,8071;10
2012-01-19 00:00:00.000;"H ";7068,2625;3
2012-01-20 00:00:00.000;"H ";10926,9928;5
2012-01-21 00:00:00.000;"H ";25195,9821;11
2012-01-22 00:00:00.000;"H ";8373,4999;4
2012-01-22 00:00:00.000;"M ";1000,4375;1
2012-01-23 00:00:00.000;"H ";13392,6642;6
2012-01-23 00:00:00.000;"M ";1000,4375;1
2012-01-24 00:00:00.000;"H ";17581,8232;8
2012-01-24 00:00:00.000;"M ";1000,4375;1
2012-01-25 00:00:00.000;"H ";20154,4964;9
2012-01-26 00:00:00.000;"H ";16056,30;7
2012-01-27 00:00:00.000;"H ";15529,5839;7
2012-01-28 00:00:00.000;"M ";2000,875;2
2012-01-28 00:00:00.000;"H ";9249,825;4
2012-01-29 00:00:00.000;"H ";15441,7624;7
2012-01-30 00:00:00.000;"H ";8855,5732;4
2012-01-31 00:00:00.000;"M ";1000,4375;1
2012-01-31 00:00:00.000;"H ";16359,5892;7
2012-02-01 00:00:00.000;"M ";1000,4375;1
2012-02-01 00:00:00.000;"H ";8616,1071;4
2012-02-02 00:00:00.000;"H ";11693,175;5
2012-02-02 00:00:00.000;"M ";1000,4375;1
2012-02-03 00:00:00.000;"H ";14895,866;7
2012-02-04 00:00:00.000;"H ";19782,566;9
2012-02-05 00:00:00.000;"H ";13477,3446;6
2012-02-05 00:00:00.000;"M ";2000,875;2
2012-02-06 00:00:00.000;"H ";11298,9232;5
2012-02-07 00:00:00.000;"H ";11169,60;5
2012-02-08 00:00:00.000;"H ";18146,8999;8
2012-02-09 00:00:00.000;"H ";15923,8357;7
2012-02-10 00:00:00.000;"M ";1000,4375;1
2012-02-10 00:00:00.000;"H ";22399,882;10
2012-02-11 00:00:00.000;"H ";22229,0571;10
2012-02-11 00:00:00.000;"M ";1000,4375;1
2012-02-12 00:00:00.000;"H ";15160,7946;7
2012-02-13 00:00:00.000;"H ";13108,5553;6
2012-02-14 00:00:00.000;"H ";6412,2232;3
2012-02-14 00:00:00.000;"M ";1000,4375;1
2012-02-15 00:00:00.000;"H ";6935,7982;3
2012-02-16 00:00:00.000;"H ";20022,0321;9
2012-02-17 00:00:00.000;"H ";26391,0766;12
2012-02-18 00:00:00.000;"M ";2000,875;2
2012-02-18 00:00:00.000;"H ";15441,7624;7
2012-02-19 00:00:00.000;"M ";2000,875;2
2012-02-19 00:00:00.000;"H ";19763,3857;9
2012-02-20 00:00:00.000;"H ";8767,7517;4
2012-02-21 00:00:00.000;"H ";15681,2285;7
2012-02-21 00:00:00.000;"M ";1000,4375;1
2012-02-22 00:00:00.000;"H ";15397,1196;7
2012-02-22 00:00:00.000;"M ";1000,4375;1
2012-02-23 00:00:00.000;"H ";22597,8464;10
2012-02-23 00:00:00.000;"M ";1000,4375;1
2012-02-24 00:00:00.000;"H ";18105,3982;8
2012-02-24 00:00:00.000;"M ";3001,3125;3
2012-02-25 00:00:00.000;"H ";17232,2142;8
2012-02-25 00:00:00.000;"M ";1000,4375;1
2012-02-26 00:00:00.000;"H ";19498,4571;9
2012-02-27 00:00:00.000;"H ";11059,4571;5
2012-02-28 00:00:00.000;"H ";17578,6821;8
2012-02-28 00:00:00.000;"M ";1000,4375;1
2012-02-29 00:00:00.000;"H ";17733,4678;8
2012-02-29 00:00:00.000;"M ";2000,875;2
2012-03-01 00:00:00.000;"M ";4001,75;4
2012-03-01 00:00:00.000;"H ";15267,7964;7
2012-03-02 00:00:00.000;"H ";15551,9053;7
2012-03-03 00:00:00.000;"H ";15794,5125;7
2012-03-04 00:00:00.000;"H ";12824,4464;6
2012-03-05 00:00:00.000;"H ";13654,4517;6
2012-03-06 00:00:00.000;"H ";21743,8427;10
2012-03-07 00:00:00.000;"H ";2071,4196;1
2012-03-08 00:00:00.000;"H ";8988,0375;4
2012-03-08 00:00:00.000;"M ";1000,4375;1
2012-03-09 00:00:00.000;"H ";15813,6928;7
2012-03-09 00:00:00.000;"M ";1000,4375;1
2012-03-10 00:00:00.000;"H ";8877,8946;4
2012-03-11 00:00:00.000;"H ";8726,25;4
2012-03-12 00:00:00.000;"H ";8988,0375;4
2012-03-13 00:00:00.000;"H ";2443,35;1
2012-03-14 00:00:00.000;"H ";17972,9339;8
2012-03-15 00:00:00.000;"M ";2000,875;2
2012-03-15 00:00:00.000;"H ";13150,057;6
2012-03-16 00:00:00.000;"H ";15290,1178;7
2012-03-17 00:00:00.000;"M ";2000,875;2
2012-03-17 00:00:00.000;"H ";13370,3428;6
2012-03-18 00:00:00.000;"H ";6434,5446;3
2012-03-18 00:00:00.000;"M ";1000,4375;1
2012-03-19 00:00:00.000;"H ";14895,866;7
2012-03-19 00:00:00.000;"M ";2000,875;2
2012-03-20 00:00:00.000;"H ";13237,8785;6
2012-03-21 00:00:00.000;"H ";8855,5732;4
2012-03-22 00:00:00.000;"H ";6696,3321;3
2012-03-23 00:00:00.000;"M ";1000,4375;1
2012-03-23 00:00:00.000;"H ";8726,25;4
2012-03-24 00:00:00.000;"H ";17885,1124;8
2012-03-25 00:00:00.000;"M ";1000,4375;1
2012-03-25 00:00:00.000;"H ";10907,8125;5
2012-03-26 00:00:00.000;"M ";2000,875;2
2012-03-26 00:00:00.000;"H ";6302,0803;3
2012-03-27 00:00:00.000;"H ";10904,6714;5
2012-03-28 00:00:00.000;"H ";6544,6875;3
2012-03-28 00:00:00.000;"M ";1000,4375;1
2012-03-29 00:00:00.000;"H ";4252,9821;2
2012-03-29 00:00:00.000;"M ";2000,875;2
2012-03-30 00:00:00.000;"M ";1000,4375;1
2012-03-30 00:00:00.000;"H ";13130,8767;6
2012-03-31 00:00:00.000;"H ";6806,475;3
2012-03-31 00:00:00.000;"M ";1000,4375;1
2012-04-01 00:00:00.000;"H ";17797,2909;8
2012-04-02 00:00:00.000;"H ";4230,6607;2
2012-04-03 00:00:00.000;"H ";2071,4196;1
2012-04-04 00:00:00.000;"M ";2000,875;2
2012-04-04 00:00:00.000;"H ";10949,3142;5
2012-04-05 00:00:00.000;"M ";2000,875;2
2012-04-05 00:00:00.000;"H ";9249,825;4
2012-04-06 00:00:00.000;"H ";10794,5285;5
2012-04-07 00:00:00.000;"H ";10377,9553;5
2012-04-08 00:00:00.000;"H ";15551,9053;7
2012-04-09 00:00:00.000;"H ";10797,6696;5
2012-04-09 00:00:00.000;"M ";2000,875;2
2012-04-10 00:00:00.000;"H ";4252,9821;2
2012-04-11 00:00:00.000;"M ";1000,4375;1
2012-04-11 00:00:00.000;"H ";10400,2767;5
2012-04-12 00:00:00.000;"H ";9139,6821;4
2012-04-13 00:00:00.000;"M ";1000,4375;1
2012-04-13 00:00:00.000;"H ";12869,0892;6
2012-04-14 00:00:00.000;"H ";6958,1196;3
2012-04-15 00:00:00.000;"H ";8593,7857;4
2012-04-16 00:00:00.000;"H ";15574,2267;7
2012-04-17 00:00:00.000;"H ";13218,6982;6
2012-04-18 00:00:00.000;"H ";21504,3766;10
2012-04-18 00:00:00.000;"M ";1000,4375;1
2012-04-19 00:00:00.000;"H ";11844,8196;5
2012-04-20 00:00:00.000;"M ";2000,875;2
2012-04-20 00:00:00.000;"H ";8855,5732;4
2012-04-21 00:00:00.000;"H ";10555,0624;5
2012-04-22 00:00:00.000;"H ";9379,1482;4
2012-04-23 00:00:00.000;"H ";12339,232;6
2012-04-24 00:00:00.000;"H ";18818,4194;9
2012-04-24 00:00:00.000;"M ";1000,4375;1
2012-04-25 00:00:00.000;"H ";10775,3482;5
2012-04-25 00:00:00.000;"M ";2000,875;2
2012-04-26 00:00:00.000;"H ";17118,9302;8
2012-04-26 00:00:00.000;"M ";2000,875;2
2012-04-27 00:00:00.000;"M ";1000,4375;1
2012-04-27 00:00:00.000;"H ";11037,1357;5
2012-04-28 00:00:00.000;"H ";10400,2767;5
2012-04-28 00:00:00.000;"M ";1000,4375;1
2012-04-29 00:00:00.000;"H ";17490,8606;8
2012-04-30 00:00:00.000;"M ";1000,4375;1
2012-04-30 00:00:00.000;"H ";10639,7428;5
2012-05-01 00:00:00.000;"M ";2000,875;2
2012-05-01 00:00:00.000;"H ";12691,9821;6
2012-05-02 00:00:00.000;"H ";6806,475;3
2012-05-03 00:00:00.000;"M ";1000,4375;1
2012-05-03 00:00:00.000;"H ";8988,0375;4
2012-05-04 00:00:00.000;"H ";8505,9642;4
2012-05-05 00:00:00.000;"H ";20590,2499;9
2012-05-05 00:00:00.000;"M ";2000,875;2
2012-05-06 00:00:00.000;"H ";4624,9125;2
2012-05-06 00:00:00.000;"M ";1000,4375;1
2012-05-07 00:00:00.000;"H ";9249,825;4
2012-05-08 00:00:00.000;"H ";8745,4303;4
2012-05-09 00:00:00.000;"M ";1000,4375;1
2012-05-09 00:00:00.000;"H ";8745,4303;4
2012-05-10 00:00:00.000;"H ";2443,35;1
2012-05-11 00:00:00.000;"M ";1000,4375;1
2012-05-11 00:00:00.000;"H ";4363,125;2
2012-05-12 00:00:00.000;"M ";1000,4375;1
2012-05-12 00:00:00.000;"H ";13480,4857;6
2012-05-13 00:00:00.000;"M ";2000,875;2
2012-05-13 00:00:00.000;"H ";4252,9821;2
2012-05-14 00:00:00.000;"H ";12998,4124;6
2012-05-14 00:00:00.000;"M ";1000,4375;1
2012-05-15 00:00:00.000;"H ";6696,3321;3
2012-05-16 00:00:00.000;"H ";12976,091;6
2012-05-17 00:00:00.000;"H ";19520,7785;9
2012-05-18 00:00:00.000;"M ";1000,4375;1
2012-05-18 00:00:00.000;"H ";8988,0375;4
2012-05-19 00:00:00.000;"H ";8855,5732;4
2012-05-20 00:00:00.000;"H ";11321,2446;5
2012-05-21 00:00:00.000;"H ";4514,7696;2
2012-05-22 00:00:00.000;"M ";2000,875;2
2012-05-22 00:00:00.000;"H ";13370,3428;6
2012-05-23 00:00:00.000;"H ";6412,2232;3
2012-05-24 00:00:00.000;"H ";8877,8946;4
2012-05-25 00:00:00.000;"M ";1000,4375;1
2012-05-25 00:00:00.000;"H ";6302,0803;3
2012-05-26 00:00:00.000;"H ";14937,3677;7
2012-05-27 00:00:00.000;"H ";6541,5464;3
2012-05-27 00:00:00.000;"M ";2000,875;2
2012-05-28 00:00:00.000;"H ";6696,3321;3
2012-05-29 00:00:00.000;"H ";4252,9821;2
2012-05-29 00:00:00.000;"M ";2000,875;2
2012-05-30 00:00:00.000;"H ";15419,441;7
2012-05-31 00:00:00.000;"H ";15290,1178;7
2012-06-01 00:00:00.000;"H ";8767,7517;4
2012-06-02 00:00:00.000;"H ";2443,35;1
2012-06-02 00:00:00.000;"M ";5002,1875;5
2012-06-03 00:00:00.000;"H ";9379,1482;4
2012-06-04 00:00:00.000;"H ";9139,6821;4
2012-06-04 00:00:00.000;"M ";1000,4375;1
2012-06-05 00:00:00.000;"H ";13086,2339;6
2012-06-05 00:00:00.000;"M ";1000,4375;1
2012-06-06 00:00:00.000;"H ";17471,6803;8
2012-06-06 00:00:00.000;"M ";1000,4375;1
2012-06-07 00:00:00.000;"H ";11211,1017;5
2012-06-07 00:00:00.000;"M ";1000,4375;1
2012-06-08 00:00:00.000;"H ";25825,9999;12
2012-06-08 00:00:00.000;"M ";3001,3125;3
2012-06-09 00:00:00.000;"M ";1000,4375;1
2012-06-09 00:00:00.000;"H ";2049,0982;1
2012-06-10 00:00:00.000;"H ";15025,1892;7
2012-06-10 00:00:00.000;"M ";2000,875;2
2012-06-11 00:00:00.000;"M ";1000,4375;1
2012-06-11 00:00:00.000;"H ";10639,7428;5
2012-06-12 00:00:00.000;"H ";23776,9017;11
2012-06-12 00:00:00.000;"M ";1000,4375;1
2012-06-13 00:00:00.000;"H ";15069,832;7
2012-06-13 00:00:00.000;"M ";3001,3125;3
2012-06-14 00:00:00.000;"H ";6563,8678;3
2012-06-14 00:00:00.000;"M ";1000,4375;1
2012-06-15 00:00:00.000;"H ";12294,5892;6
2012-06-15 00:00:00.000;"M ";3001,3125;3
2012-06-16 00:00:00.000;"M ";1000,4375;1
2012-06-16 00:00:00.000;"H ";21504,3766;10
2012-06-17 00:00:00.000;"H ";28266,2088;13
2012-06-17 00:00:00.000;"M ";3001,3125;3
2012-06-18 00:00:00.000;"H ";19388,3142;9
2012-06-18 00:00:00.000;"M ";2000,875;2
2012-06-19 00:00:00.000;"H ";20044,3535;9
2012-06-19 00:00:00.000;"M ";2000,875;2
2012-06-20 00:00:00.000;"H ";8593,7857;4
2012-06-21 00:00:00.000;"H ";10510,4196;5
2012-06-21 00:00:00.000;"M ";1000,4375;1
2012-06-22 00:00:00.000;"H ";14918,1874;7
2012-06-22 00:00:00.000;"M ";1000,4375;1
2012-06-23 00:00:00.000;"H ";18796,098;9
2012-06-23 00:00:00.000;"M ";1000,4375;1
2012-06-24 00:00:00.000;"H ";27409,064;13
2012-06-24 00:00:00.000;"M ";1000,4375;1
2012-06-25 00:00:00.000;"H ";21459,7338;10
2012-06-25 00:00:00.000;"M ";1000,4375;1
2012-06-26 00:00:00.000;"H ";4120,5178;2
2012-06-26 00:00:00.000;"M ";1000,4375;1
2012-06-27 00:00:00.000;"H ";16702,357;8
2012-06-28 00:00:00.000;"H ";17623,3249;8
2012-06-28 00:00:00.000;"M ";2000,875;2
2012-06-29 00:00:00.000;"H ";19168,0284;9
2012-06-29 00:00:00.000;"M ";1000,4375;1
2012-06-30 00:00:00.000;"H ";8461,3214;4
2012-06-30 00:00:00.000;"M ";2000,875;2
2012-07-01 00:00:00.000;"H ";14937,3677;7
2012-07-02 00:00:00.000;"M ";2000,875;2
2012-07-02 00:00:00.000;"H ";13108,5553;6
2012-07-03 00:00:00.000;"H ";19362,8517;9
2012-07-03 00:00:00.000;"M ";1000,4375;1
2012-07-04 00:00:00.000;"H ";17865,9321;8
2012-07-04 00:00:00.000;"M ";2000,875;2
2012-07-05 00:00:00.000;"H ";15836,0142;7
2012-07-06 00:00:00.000;"H ";8745,4303;4
2012-07-06 00:00:00.000;"M ";1000,4375;1
2012-07-07 00:00:00.000;"H ";8877,8946;4
2012-07-07 00:00:00.000;"M ";2000,875;2
2012-07-08 00:00:00.000;"H ";15571,0856;7
2012-07-08 00:00:00.000;"M ";1000,4375;1
2012-07-09 00:00:00.000;"H ";12736,6249;6
2012-07-10 00:00:00.000;"H ";18628,9732;8
2012-07-11 00:00:00.000;"H ";12714,3035;6
2012-07-12 00:00:00.000;"H ";4363,125;2
2012-07-13 00:00:00.000;"H ";11056,316;5
2012-07-13 00:00:00.000;"M ";2000,875;2
2012-07-14 00:00:00.000;"H ";12383,8748;6
2012-07-14 00:00:00.000;"M ";1000,4375;1
2012-07-15 00:00:00.000;"H ";17141,2516;8
2012-07-15 00:00:00.000;"M ";1000,4375;1
2012-07-16 00:00:00.000;"M ";1000,4375;1
2012-07-16 00:00:00.000;"H ";10642,8839;5
2012-07-17 00:00:00.000;"H ";12976,091;6
2012-07-17 00:00:00.000;"M ";1000,4375;1
2012-07-18 00:00:00.000;"H ";12471,6963;6
2012-07-19 00:00:00.000;"M ";3001,3125;3
2012-07-19 00:00:00.000;"H ";17077,4285;8
2012-07-20 00:00:00.000;"H ";12339,232;6
2012-07-21 00:00:00.000;"H ";12865,9481;6
2012-07-22 00:00:00.000;"H ";17490,8606;8
2012-07-22 00:00:00.000;"M ";1000,4375;1
2012-07-23 00:00:00.000;"H ";8263,357;4
2012-07-23 00:00:00.000;"M ";2000,875;2
2012-07-24 00:00:00.000;"H ";11188,7803;5
2012-07-24 00:00:00.000;"M ";1000,4375;1
2012-07-25 00:00:00.000;"H ";8635,2874;4
2012-07-26 00:00:00.000;"H ";15176,8338;7
2012-07-27 00:00:00.000;"M ";1000,4375;1
2012-07-27 00:00:00.000;"H ";10532,741;5
2012-07-28 00:00:00.000;"M ";3001,3125;3
2012-07-28 00:00:00.000;"H ";12824,4464;6
2012-07-29 00:00:00.000;"H ";15441,7624;7
2012-07-29 00:00:00.000;"M ";2000,875;2
2012-07-30 00:00:00.000;"H ";12976,091;6
2012-07-31 00:00:00.000;"M ";1000,4375;1
2012-07-31 00:00:00.000;"H ";4514,7696;2
2012-08-01 00:00:00.000;"H ";19517,6374;9
2012-08-02 00:00:00.000;"H ";4492,4482;2
2012-08-03 00:00:00.000;"H ";11450,5678;5
2012-08-04 00:00:00.000;"M ";1000,4375;1
2012-08-04 00:00:00.000;"H ";10907,8125;5
2012-08-05 00:00:00.000;"H ";6674,0107;3
2012-08-05 00:00:00.000;"M ";1000,4375;1
2012-08-06 00:00:00.000;"H ";17468,5392;8
2012-08-07 00:00:00.000;"H ";15353,9409;7
2012-08-07 00:00:00.000;"M ";2000,875;2
2012-08-08 00:00:00.000;"H ";17840,4696;8
2012-08-08 00:00:00.000;"M ";1000,4375;1
2012-08-09 00:00:00.000;"H ";6169,616;3
2012-08-09 00:00:00.000;"M ";2000,875;2
2012-08-10 00:00:00.000;"H ";26501,2195;12
2012-08-10 00:00:00.000;"M ";2000,875;2
2012-08-11 00:00:00.000;"H ";16834,8213;8
2012-08-12 00:00:00.000;"M ";2000,875;2
2012-08-12 00:00:00.000;"H ";17468,5392;8
2012-08-13 00:00:00.000;"H ";14937,3677;7
2012-08-13 00:00:00.000;"M ";1000,4375;1
2012-08-14 00:00:00.000;"H ";12865,9481;6
2012-08-14 00:00:00.000;"M ";2000,875;2
2012-08-15 00:00:00.000;"H ";18925,4212;9
2012-08-16 00:00:00.000;"H ";14937,3677;7
2012-08-17 00:00:00.000;"H ";8351,1785;4
2012-08-18 00:00:00.000;"H ";17031,1087;8
2012-08-19 00:00:00.000;"M ";3001,3125;3
2012-08-19 00:00:00.000;"H ";17358,3963;8
2012-08-20 00:00:00.000;"H ";15028,3303;7
2012-08-20 00:00:00.000;"M ";2000,875;2
2012-08-21 00:00:00.000;"H ";15025,1892;7
2012-08-21 00:00:00.000;"M ";2000,875;2
2012-08-22 00:00:00.000;"H ";8241,0356;4
2012-08-23 00:00:00.000;"M ";1000,4375;1
2012-08-23 00:00:00.000;"H ";23792,9409;11
2012-08-24 00:00:00.000;"H ";21873,1659;10
2012-08-24 00:00:00.000;"M ";1000,4375;1
2012-08-25 00:00:00.000;"H ";17339,216;8
2012-08-25 00:00:00.000;"M ";1000,4375;1
2012-08-26 00:00:00.000;"H ";15135,3321;7
2012-08-27 00:00:00.000;"H ";14937,3677;7
2012-08-27 00:00:00.000;"M ";3001,3125;3
2012-08-28 00:00:00.000;"H ";19915,0303;9
2012-08-29 00:00:00.000;"H ";2443,35;1
2012-08-30 00:00:00.000;"H ";17096,6088;8
2012-08-30 00:00:00.000;"M ";1000,4375;1
2012-08-31 00:00:00.000;"H ";25587,0928;11
2012-08-31 00:00:00.000;"M ";1000,4375;1
2012-09-01 00:00:00.000;"H ";6935,7982;3
2012-09-02 00:00:00.000;"M ";1000,4375;1
2012-09-02 00:00:00.000;"H ";4363,125;2
2012-09-03 00:00:00.000;"H ";10422,5981;5
2012-09-04 00:00:00.000;"M ";2000,875;2
2012-09-04 00:00:00.000;"H ";4120,5178;2
2012-09-05 00:00:00.000;"H ";17141,2516;8
2012-09-05 00:00:00.000;"M ";1000,4375;1
2012-09-06 00:00:00.000;"H ";10532,741;5
2012-09-07 00:00:00.000;"M ";1000,4375;1
2012-09-07 00:00:00.000;"H ";10904,6714;5
2012-09-08 00:00:00.000;"H ";30489,273;14
2012-09-08 00:00:00.000;"M ";1000,4375;1
2012-09-09 00:00:00.000;"H ";7068,2625;3
2012-09-09 00:00:00.000;"M ";2000,875;2
2012-09-10 00:00:00.000;"H ";8635,2874;4
2012-09-10 00:00:00.000;"M ";2000,875;2
2012-09-11 00:00:00.000;"M ";2000,875;2
2012-09-11 00:00:00.000;"H ";20889,839;10
2012-09-12 00:00:00.000;"H ";8351,1785;4
2012-09-13 00:00:00.000;"H ";8745,4303;4
2012-09-14 00:00:00.000;"M ";1000,4375;1
2012-09-14 00:00:00.000;"H ";10532,741;5
2012-09-15 00:00:00.000;"H ";28175,2462;13
2012-09-15 00:00:00.000;"M ";1000,4375;1
2012-09-16 00:00:00.000;"H ";14915,0463;7
2012-09-17 00:00:00.000;"H ";15025,1892;7
2012-09-18 00:00:00.000;"H ";11211,1017;5
2012-09-19 00:00:00.000;"M ";1000,4375;1
2012-09-19 00:00:00.000;"H ";12956,9107;6
2012-09-20 00:00:00.000;"H ";17490,8606;8
2012-09-20 00:00:00.000;"M ";1000,4375;1
2012-09-21 00:00:00.000;"H ";28156,0659;13
2012-09-21 00:00:00.000;"M ";1000,4375;1
2012-09-22 00:00:00.000;"H ";15331,6195;7
2012-09-22 00:00:00.000;"M ";3001,3125;3
2012-09-23 00:00:00.000;"H ";10662,0642;5
2012-09-23 00:00:00.000;"M ";2000,875;2
2012-09-24 00:00:00.000;"H ";6696,3321;3
2012-09-24 00:00:00.000;"M ";1000,4375;1
2012-09-25 00:00:00.000;"H ";4120,5178;2
2012-09-25 00:00:00.000;"M ";3001,3125;3
2012-09-26 00:00:00.000;"H ";12821,3053;6
2012-09-27 00:00:00.000;"H ";4230,6607;2
2012-09-27 00:00:00.000;"M ";1000,4375;1
2012-09-28 00:00:00.000;"H ";8657,6088;4
2012-09-29 00:00:00.000;"H ";8373,4999;4
2012-09-30 00:00:00.000;"H ";4120,5178;2
2012-10-01 00:00:00.000;"H ";22332,9178;10
2012-10-02 00:00:00.000;"H ";15202,2963;7
2012-10-03 00:00:00.000;"H ";19934,2106;9
2012-10-03 00:00:00.000;"M ";1000,4375;1
2012-10-04 00:00:00.000;"H ";19804,8874;9
2012-10-04 00:00:00.000;"M ";1000,4375;1
2012-10-05 00:00:00.000;"H ";15684,3696;7
2012-10-05 00:00:00.000;"M ";1000,4375;1
2012-10-06 00:00:00.000;"H ";25337,6444;12
2012-10-06 00:00:00.000;"M ";1000,4375;1
2012-10-07 00:00:00.000;"H ";6412,2232;3
2012-10-07 00:00:00.000;"M ";1000,4375;1
2012-10-08 00:00:00.000;"M ";2000,875;2
2012-10-08 00:00:00.000;"H ";15025,1892;7
2012-10-09 00:00:00.000;"H ";12361,5534;6
2012-10-09 00:00:00.000;"M ";4001,75;4
2012-10-10 00:00:00.000;"H ";6412,2232;3
2012-10-10 00:00:00.000;"M ";2000,875;2
2012-10-11 00:00:00.000;"H ";15264,6553;7
2012-10-11 00:00:00.000;"M ";2000,875;2
2012-10-12 00:00:00.000;"H ";21371,9123;10
2012-10-13 00:00:00.000;"H ";17118,9302;8
2012-10-13 00:00:00.000;"M ";2000,875;2
2012-10-14 00:00:00.000;"H ";12316,9106;6
2012-10-15 00:00:00.000;"M ";1000,4375;1
2012-10-15 00:00:00.000;"H ";21501,2355;10
2012-10-16 00:00:00.000;"H ";10839,1713;5
2012-10-16 00:00:00.000;"M ";1000,4375;1
2012-10-17 00:00:00.000;"H ";23486,5106;11
2012-10-17 00:00:00.000;"M ";2000,875;2
2012-10-18 00:00:00.000;"H ";12910,5909;6
2012-10-19 00:00:00.000;"M ";1000,4375;1
2012-10-19 00:00:00.000;"H ";13392,6642;6
2012-10-20 00:00:00.000;"H ";12910,5909;6
2012-10-20 00:00:00.000;"M ";1000,4375;1
2012-10-21 00:00:00.000;"H ";19630,9214;9
2012-10-21 00:00:00.000;"M ";3001,3125;3
2012-10-22 00:00:00.000;"H ";21721,5213;10
2012-10-23 00:00:00.000;"H ";8745,4303;4
2012-10-24 00:00:00.000;"M ";1000,4375;1
2012-10-24 00:00:00.000;"H ";10422,5981;5
2012-10-25 00:00:00.000;"H ";2181,5625;1
2012-10-25 00:00:00.000;"M ";1000,4375;1
2012-10-26 00:00:00.000;"H ";4886,70;2
2012-10-26 00:00:00.000;"M ";2000,875;2
2012-10-27 00:00:00.000;"H ";8593,7857;4
2012-10-28 00:00:00.000;"H ";25624,8944;12
2012-10-29 00:00:00.000;"M ";2000,875;2
2012-10-29 00:00:00.000;"H ";17403,0391;8
2012-10-30 00:00:00.000;"M ";2000,875;2
2012-10-30 00:00:00.000;"H ";6302,0803;3
2012-10-31 00:00:00.000;"H ";17251,3945;8
2012-11-01 00:00:00.000;"H ";14940,5088;7
2012-11-01 00:00:00.000;"M ";1000,4375;1
2012-11-02 00:00:00.000;"H ";8726,25;4
2012-11-02 00:00:00.000;"M ";2000,875;2
2012-11-03 00:00:00.000;"H ";12843,6267;6
2012-11-03 00:00:00.000;"M ";2000,875;2
2012-11-04 00:00:00.000;"H ";18730,5979;9
2012-11-04 00:00:00.000;"M ";1000,4375;1
2012-11-05 00:00:00.000;"H ";21087,8034;10
2012-11-06 00:00:00.000;"M ";5002,1875;5
2012-11-06 00:00:00.000;"H ";13172,3784;6
2012-11-07 00:00:00.000;"M ";1000,4375;1
2012-11-07 00:00:00.000;"H ";15286,9767;7
2012-11-08 00:00:00.000;"M ";3001,3125;3
2012-11-08 00:00:00.000;"H ";14520,7945;7
2012-11-09 00:00:00.000;"M ";1000,4375;1
2012-11-09 00:00:00.000;"H ";20845,1962;10
2012-11-10 00:00:00.000;"M ";1000,4375;1
2012-11-10 00:00:00.000;"H ";15135,3321;7
2012-11-11 00:00:00.000;"H ";21327,2695;10
2012-11-11 00:00:00.000;"M ";3001,3125;3
2012-11-12 00:00:00.000;"H ";8745,4303;4
2012-11-12 00:00:00.000;"M ";3001,3125;3
2012-11-13 00:00:00.000;"M ";1000,4375;1
2012-11-13 00:00:00.000;"H ";8483,6428;4
2012-11-14 00:00:00.000;"M ";4001,75;4
2012-11-14 00:00:00.000;"H ";14520,7945;7
2012-11-15 00:00:00.000;"M ";2000,875;2
2012-11-15 00:00:00.000;"H ";17336,0749;8
2012-11-16 00:00:00.000;"H ";6586,1892;3
2012-11-16 00:00:00.000;"M ";2000,875;2
2012-11-17 00:00:00.000;"H ";10312,4552;5
2012-11-17 00:00:00.000;"M ";4001,75;4
2012-11-18 00:00:00.000;"H ";12865,9481;6
2012-11-18 00:00:00.000;"M ";3001,3125;3
2012-11-19 00:00:00.000;"H ";8373,4999;4
2012-11-19 00:00:00.000;"M ";3001,3125;3
2012-11-20 00:00:00.000;"M ";1000,4375;1
2012-11-20 00:00:00.000;"H ";10665,2053;5
2012-11-21 00:00:00.000;"H ";4624,9125;2
2012-11-22 00:00:00.000;"H ";12733,4838;6
2012-11-23 00:00:00.000;"H ";12736,6249;6
2012-11-23 00:00:00.000;"M ";2000,875;2
2012-11-24 00:00:00.000;"H ";15157,6535;7
2012-11-24 00:00:00.000;"M ";1000,4375;1
2012-11-25 00:00:00.000;"H ";16702,357;8
2012-11-25 00:00:00.000;"M ";3001,3125;3
2012-11-26 00:00:00.000;"H ";18994,0624;9
2012-11-26 00:00:00.000;"M ";1000,4375;1
2012-11-27 00:00:00.000;"H ";21437,4124;10
2012-11-28 00:00:00.000;"M ";2000,875;2
2012-11-28 00:00:00.000;"H ";8483,6428;4
2012-11-29 00:00:00.000;"H ";18903,0998;9
2012-11-30 00:00:00.000;"H ";16702,357;8
2012-12-01 00:00:00.000;"H ";17096,6088;8
2012-12-02 00:00:00.000;"H ";12888,2695;6
2012-12-03 00:00:00.000;"H ";22510,0249;10
2012-12-03 00:00:00.000;"M ";3001,3125;3
2012-12-04 00:00:00.000;"H ";19539,9588;9
2012-12-04 00:00:00.000;"M ";3001,3125;3
2012-12-05 00:00:00.000;"H ";20438,6053;9
2012-12-05 00:00:00.000;"M ";2000,875;2
2012-12-06 00:00:00.000;"H ";18531,1694;9
2012-12-06 00:00:00.000;"M ";2000,875;2
2012-12-07 00:00:00.000;"H ";4142,8392;2
2012-12-07 00:00:00.000;"M ";1000,4375;1
2012-12-08 00:00:00.000;"H ";8461,3214;4
2012-12-08 00:00:00.000;"M ";3001,3125;3
2012-12-09 00:00:00.000;"M ";1000,4375;1
2012-12-09 00:00:00.000;"H ";8612,966;4
2012-12-10 00:00:00.000;"H ";18928,5623;9
2012-12-10 00:00:00.000;"M ";1000,4375;1
2012-12-11 00:00:00.000;"H ";12998,4124;6
2012-12-11 00:00:00.000;"M ";2000,875;2
2012-12-12 00:00:00.000;"H ";27891,1373;13
2012-12-12 00:00:00.000;"M ";1000,4375;1
2012-12-13 00:00:00.000;"H ";12733,4838;6
2012-12-13 00:00:00.000;"M ";1000,4375;1
2012-12-14 00:00:00.000;"H ";20912,1604;10
2012-12-14 00:00:00.000;"M ";2000,875;2
2012-12-15 00:00:00.000;"H ";19562,2802;9
2012-12-16 00:00:00.000;"H ";19429,8159;9
2012-12-16 00:00:00.000;"M ";1000,4375;1
2012-12-17 00:00:00.000;"H ";17513,182;8
2012-12-17 00:00:00.000;"M ";1000,4375;1
2012-12-18 00:00:00.000;"H ";12888,2695;6
2012-12-18 00:00:00.000;"M ";2000,875;2
2012-12-19 00:00:00.000;"H ";21788,4855;10
2012-12-19 00:00:00.000;"M ";1000,4375;1
2012-12-20 00:00:00.000;"H ";6696,3321;3
2012-12-20 00:00:00.000;"M ";2000,875;2
2012-12-21 00:00:00.000;"H ";14653,2588;7
2012-12-21 00:00:00.000;"M ";2000,875;2
2012-12-22 00:00:00.000;"H ";13150,057;6
2012-12-22 00:00:00.000;"M ";1000,4375;1
2012-12-23 00:00:00.000;"M ";1000,4375;1
2012-12-23 00:00:00.000;"H ";19432,957;9
2012-12-24 00:00:00.000;"M ";2000,875;2
2012-12-24 00:00:00.000;"H ";12755,8052;6
2012-12-25 00:00:00.000;"M ";3001,3125;3
2012-12-25 00:00:00.000;"H ";17601,0035;8
2012-12-26 00:00:00.000;"M ";1000,4375;1
2012-12-26 00:00:00.000;"H ";6563,8678;3
2012-12-27 00:00:00.000;"M ";2000,875;2
2012-12-27 00:00:00.000;"H ";12998,4124;6
2012-12-28 00:00:00.000;"H ";16876,323;8
2012-12-28 00:00:00.000;"M ";1000,4375;1
2012-12-29 00:00:00.000;"H ";12976,091;6
2012-12-29 00:00:00.000;"M ";2000,875;2
2012-12-30 00:00:00.000;"H ";8328,8571;4
2012-12-30 00:00:00.000;"M ";1000,4375;1
2012-12-31 00:00:00.000;"H ";28395,532;13
2013-01-01 00:00:00.000;"M ";1000,4375;1
2013-01-01 00:00:00.000;"H ";17425,3605;8
2013-01-02 00:00:00.000;"H ";12427,0535;6
2013-01-03 00:00:00.000;"H ";18773,7766;9
2013-01-04 00:00:00.000;"M ";4616,83;3
2013-01-04 00:00:00.000;"H ";16897,65;10
2013-01-05 00:00:00.000;"M ";4860,80;6
2013-01-05 00:00:00.000;"H ";18622,36;8
2013-01-06 00:00:00.000;"M ";4695,67;5
2013-01-06 00:00:00.000;"H ";25949,05;13
2013-01-07 00:00:00.000;"H ";35337,37;18
2013-01-07 00:00:00.000;"M ";4522,47;3
2013-01-08 00:00:00.000;"H ";23927,46;11
2013-01-08 00:00:00.000;"M ";4576,32;4
2013-01-09 00:00:00.000;"M ";799,48;2
2013-01-09 00:00:00.000;"H ";11599,03;6
2013-01-10 00:00:00.000;"M ";6223,46;4
2013-01-10 00:00:00.000;"H ";23789,50;13
2013-01-11 00:00:00.000;"M ";1919,97;3
2013-01-11 00:00:00.000;"H ";23401,42;10
2013-01-12 00:00:00.000;"M ";7627,30;6
2013-01-12 00:00:00.000;"H ";21170,51;9
2013-01-13 00:00:00.000;"M ";3480,82;4
2013-01-13 00:00:00.000;"H ";14265,74;7
2013-01-14 00:00:00.000;"M ";8311,63;9
2013-01-14 00:00:00.000;"H ";32996,86;17
2013-01-15 00:00:00.000;"M ";5341,94;6
2013-01-15 00:00:00.000;"H ";14337,42;8
2013-01-16 00:00:00.000;"H ";23539,98;12
2013-01-16 00:00:00.000;"M ";3134,82;4
2013-01-17 00:00:00.000;"H ";21635,99;12
2013-01-17 00:00:00.000;"M ";1889,98;2
2013-01-18 00:00:00.000;"H ";23701,86;15
2013-01-18 00:00:00.000;"M ";1889,98;2
2013-01-19 00:00:00.000;"H ";18863,32;10
2013-01-19 00:00:00.000;"M ";2335,34;2
2013-01-20 00:00:00.000;"H ";21235,71;11
2013-01-20 00:00:00.000;"M ";6396,66;6
2013-01-21 00:00:00.000;"H ";9565,76;4
2013-01-21 00:00:00.000;"M ";6273,44;6
2013-01-22 00:00:00.000;"H ";7009,05;4
2013-01-22 00:00:00.000;"M ";7463,30;6
2013-01-23 00:00:00.000;"M ";8028,28;8
2013-01-23 00:00:00.000;"H ";30964,31;16
2013-01-24 00:00:00.000;"H ";4679,06;2
2013-01-24 00:00:00.000;"M ";3239,97;3
2013-01-25 00:00:00.000;"M ";4736,45;5
2013-01-25 00:00:00.000;"H ";21470,03;10
2013-01-26 00:00:00.000;"H ";19092,44;8
2013-01-26 00:00:00.000;"M ";7883,94;6
2013-01-27 00:00:00.000;"H ";35599,09;17
2013-01-27 00:00:00.000;"M ";4275,30;6
2013-01-28 00:00:00.000;"H ";18957,60;11
2013-01-28 00:00:00.000;"M ";2335,34;2
2013-01-29 00:00:00.000;"H ";33137,38;19
2013-01-29 00:00:00.000;"M ";2429,70;2
2013-01-30 00:00:00.000;"M ";6696,93;7
2013-01-30 00:00:00.000;"H ";9354,04;5
2013-01-31 00:00:00.000;"M ";8678,42;8
2013-01-31 00:00:00.000;"H ";9623,36;5
2013-02-01 00:00:00.000;"M ";5159,94;6
2013-02-01 00:00:00.000;"H ";37723,12;18
2013-02-02 00:00:00.000;"M ";2525,46;4
2013-02-02 00:00:00.000;"H ";16550,73;7
2013-02-03 00:00:00.000;"M ";3550,19;3
2013-02-03 00:00:00.000;"H ";26075,21;14
2013-02-04 00:00:00.000;"M ";2445,30;6
2013-02-04 00:00:00.000;"H ";17087,29;20
2013-02-05 00:00:00.000;"H ";11985,95;8
2013-02-05 00:00:00.000;"M ";2445,30;6
2013-02-06 00:00:00.000;"H ";26310,21;20
2013-02-06 00:00:00.000;"M ";2744,44;6
2013-02-07 00:00:00.000;"H ";11687,55;9
2013-02-07 00:00:00.000;"M ";7965,63;9
2013-02-08 00:00:00.000;"H ";7139,45;8
2013-02-08 00:00:00.000;"M ";1210,46;4
2013-02-09 00:00:00.000;"H ";23593,30;16
2013-02-09 00:00:00.000;"M ";5692,94;6
2013-02-10 00:00:00.000;"H ";28640,24;16
2013-02-10 00:00:00.000;"M ";6066,26;10
2013-02-11 00:00:00.000;"H ";31190,03;22
2013-02-11 00:00:00.000;"M ";3681,88;12
2013-02-12 00:00:00.000;"H ";26279,29;18
2013-02-12 00:00:00.000;"M ";5501,28;8
2013-02-13 00:00:00.000;"H ";4684,98;4
2013-02-13 00:00:00.000;"M ";1295,43;7
2013-02-14 00:00:00.000;"H ";16820,97;11
2013-02-14 00:00:00.000;"M ";2355,94;6
2013-02-15 00:00:00.000;"H ";21556,87;19
2013-02-15 00:00:00.000;"M ";11878,55;17
2013-02-16 00:00:00.000;"M ";5939,24;12
2013-02-16 00:00:00.000;"H ";16475,89;11
2013-02-17 00:00:00.000;"H ";11744,03;8
2013-02-17 00:00:00.000;"M ";4955,43;7
2013-02-18 00:00:00.000;"M ";3095,44;6
2013-02-18 00:00:00.000;"H ";2420,19;4
2013-02-19 00:00:00.000;"H ";11904,23;12
2013-02-19 00:00:00.000;"M ";8039,81;13
2013-02-20 00:00:00.000;"M ";10063,73;13
2013-02-20 00:00:00.000;"H ";16991,89;17
2013-02-21 00:00:00.000;"M ";8128,25;11
2013-02-21 00:00:00.000;"H ";28454,08;14
2013-02-22 00:00:00.000;"M ";3526,41;9
2013-02-22 00:00:00.000;"H ";23643,30;16
2013-02-23 00:00:00.000;"M ";13001,37;21
2013-02-23 00:00:00.000;"H ";7287,81;8
2013-02-24 00:00:00.000;"H ";9935,96;14
2013-02-24 00:00:00.000;"M ";8273,38;12
2013-02-25 00:00:00.000;"H ";11831,67;6
2013-02-25 00:00:00.000;"M ";1170,47;3
2013-02-26 00:00:00.000;"H ";18893,52;11
2013-02-26 00:00:00.000;"M ";2004,94;6
2013-02-27 00:00:00.000;"H ";23619,42;18
2013-02-27 00:00:00.000;"M ";7062,40;10
2013-02-28 00:00:00.000;"H ";26223,53;20
2013-02-28 00:00:00.000;"M ";2485,89;11
2013-03-01 00:00:00.000;"M ";10368,62;10
2013-03-01 00:00:00.000;"H ";16660,17;16
2013-03-02 00:00:00.000;"H ";9846,88;14
2013-03-02 00:00:00.000;"M ";3800,29;7
2013-03-03 00:00:00.000;"H ";23611,62;19
2013-03-03 00:00:00.000;"M ";1944,96;4
2013-03-04 00:00:00.000;"M ";11148,71;15
2013-03-04 00:00:00.000;"H ";16704,81;11
2013-03-05 00:00:00.000;"H ";19416,20;14
2013-03-05 00:00:00.000;"M ";6692,35;15
2013-03-06 00:00:00.000;"H ";11904,07;8
2013-03-06 00:00:00.000;"M ";6592,38;12
2013-03-07 00:00:00.000;"M ";6917,79;7
2013-03-07 00:00:00.000;"H ";11835,19;8
2013-03-08 00:00:00.000;"M ";7381,87;13
2013-03-08 00:00:00.000;"H ";26302,61;19
2013-03-09 00:00:00.000;"M ";3790,90;10
2013-03-09 00:00:00.000;"H ";30886,67;19
2013-03-10 00:00:00.000;"M ";2744,44;6
2013-03-10 00:00:00.000;"H ";19440,08;12
2013-03-11 00:00:00.000;"M ";1905,92;8
2013-03-11 00:00:00.000;"H ";28339,04;16
2013-03-12 00:00:00.000;"M ";5167,42;8
2013-03-12 00:00:00.000;"H ";25939,97;16
2013-03-13 00:00:00.000;"M ";3185,41;9
2013-03-13 00:00:00.000;"H ";23808,14;16
2013-03-14 00:00:00.000;"H ";23578,82;15
2013-03-14 00:00:00.000;"M ";6190,61;11
2013-03-15 00:00:00.000;"H ";30744,95;22
2013-03-15 00:00:00.000;"M ";2004,94;6
2013-03-16 00:00:00.000;"H ";16711,85;15
2013-03-16 00:00:00.000;"M ";9146,10;12
2013-03-17 00:00:00.000;"H ";9483,32;7
2013-03-17 00:00:00.000;"M ";8073,87;13
2013-03-18 00:00:00.000;"H ";21352,79;15
2013-03-18 00:00:00.000;"M ";12662,51;21
2013-03-19 00:00:00.000;"H ";39856,75;27
2013-03-19 00:00:00.000;"M ";8777,59;13
2013-03-20 00:00:00.000;"H ";16436,61;13
2013-03-20 00:00:00.000;"M ";14273,26;18
2013-03-21 00:00:00.000;"M ";4136,90;10
2013-03-21 00:00:00.000;"H ";21379,23;17
2013-03-22 00:00:00.000;"H ";11755,71;8
2013-03-22 00:00:00.000;"M ";6873,41;9
2013-03-23 00:00:00.000;"H ";11825,71;10
2013-03-23 00:00:00.000;"M ";7361,27;9
2013-03-24 00:00:00.000;"H ";21545,23;13
2013-03-24 00:00:00.000;"M ";4670,35;15
2013-03-25 00:00:00.000;"H ";37945,00;22
2013-03-25 00:00:00.000;"M ";14640,66;20
2013-03-26 00:00:00.000;"H ";33705,06;24
2013-03-26 00:00:00.000;"M ";8902,13;9
2013-03-27 00:00:00.000;"H ";11987,63;7
2013-03-27 00:00:00.000;"M ";6290,24;12
2013-03-28 00:00:00.000;"H ";30915,75;18
2013-03-28 00:00:00.000;"M ";5326,76;10
2013-03-29 00:00:00.000;"H ";26080,17;18
2013-03-29 00:00:00.000;"M ";4561,93;7
2013-03-30 00:00:00.000;"M ";7301,29;7
2013-03-30 00:00:00.000;"H ";14092,38;7
2013-03-31 00:00:00.000;"H ";19240,04;13
2013-03-31 00:00:00.000;"M ";7473,90;10
2013-04-01 00:00:00.000;"H ";16730,93;13
2013-04-01 00:00:00.000;"M ";5907,26;10
2013-04-02 00:00:00.000;"H ";21454,99;17
2013-04-02 00:00:00.000;"M ";13293,00;22
2013-04-03 00:00:00.000;"H ";14124,98;8
2013-04-03 00:00:00.000;"M ";3125,43;7
2013-04-04 00:00:00.000;"H ";14097,02;11
2013-04-04 00:00:00.000;"M ";6611,77;9
2013-04-05 00:00:00.000;"H ";21862,67;16
2013-04-05 00:00:00.000;"M ";3016,41;9
2013-04-06 00:00:00.000;"H ";11877,39;9
2013-04-06 00:00:00.000;"M ";6456,64;8
2013-04-07 00:00:00.000;"H ";26079,41;23
2013-04-07 00:00:00.000;"M ";6926,85;15
2013-04-08 00:00:00.000;"H ";18871,24;11
2013-04-08 00:00:00.000;"M ";6745,59;13
2013-04-09 00:00:00.000;"H ";21524,63;12
2013-04-09 00:00:00.000;"M ";8344,74;12
2013-04-10 00:00:00.000;"H ";28361,64;16
2013-04-10 00:00:00.000;"M ";4577,45;5
2013-04-11 00:00:00.000;"H ";30578,83;16
2013-04-11 00:00:00.000;"M ";9305,10;12
2013-04-12 00:00:00.000;"H ";11838,31;9
2013-04-12 00:00:00.000;"M ";7296,71;15
2013-04-13 00:00:00.000;"H ";23915,74;17
2013-04-13 00:00:00.000;"M ";14132,13;23
2013-04-14 00:00:00.000;"H ";30939,79;20
2013-04-14 00:00:00.000;"M ";5834,61;11
2013-04-15 00:00:00.000;"H ";18650,88;10
2013-04-15 00:00:00.000;"M ";4210,93;7
2013-04-16 00:00:00.000;"M ";9592,59;13
2013-04-16 00:00:00.000;"H ";25875,49;15
2013-04-17 00:00:00.000;"H ";26297,09;18
2013-04-17 00:00:00.000;"M ";7170,96;12
2013-04-18 00:00:00.000;"H ";21575,95;17
2013-04-18 00:00:00.000;"M ";7997,36;14
2013-04-19 00:00:00.000;"H ";21622,43;15
2013-04-19 00:00:00.000;"M ";7391,26;10
2013-04-20 00:00:00.000;"H ";23776,82;21
2013-04-20 00:00:00.000;"M ";8207,61;11
2013-04-21 00:00:00.000;"H ";21458,15;12
2013-04-21 00:00:00.000;"M ";1205,46;4
2013-04-22 00:00:00.000;"H ";26227,81;17
2013-04-22 00:00:00.000;"M ";5466,90;10
2013-04-23 00:00:00.000;"H ";33386,90;20
2013-04-23 00:00:00.000;"M ";6358,41;9
2013-04-24 00:00:00.000;"H ";21090,87;13
2013-04-24 00:00:00.000;"M ";13628,92;16
2013-04-25 00:00:00.000;"H ";14452,26;16
2013-04-25 00:00:00.000;"M ";3850,88;12
2013-04-26 00:00:00.000;"H ";21611,71;13
2013-04-26 00:00:00.000;"M ";7727,87;13
2013-04-27 00:00:00.000;"H ";30764,03;20
2013-04-27 00:00:00.000;"M ";7257,25;11
2013-04-28 00:00:00.000;"H ";25881,81;18
2013-04-28 00:00:00.000;"M ";5186,81;5
2013-04-29 00:00:00.000;"H ";12011,47;11
2013-04-29 00:00:00.000;"M ";2941,44;6
2013-04-30 00:00:00.000;"M ";6375,39;11
2013-04-30 00:00:00.000;"H ";16802,61;14
2013-05-01 00:00:00.000;"H ";35219,93;20
2013-05-01 00:00:00.000;"M ";3551,40;10
2013-05-02 00:00:00.000;"H ";23810,02;13
2013-05-02 00:00:00.000;"M ";3060,45;5
2013-05-03 00:00:00.000;"H ";24175,26;19
2013-05-03 00:00:00.000;"M ";7607,12;10
2013-05-04 00:00:00.000;"M ";3506,94;6
2013-05-04 00:00:00.000;"H ";19085,92;15
2013-05-05 00:00:00.000;"M ";7316,89;11
2013-05-05 00:00:00.000;"H ";21322,59;14
2013-05-06 00:00:00.000;"M ";4661,29;7
2013-05-06 00:00:00.000;"H ";26145,53;16
2013-05-07 00:00:00.000;"H ";16903,57;12
2013-05-07 00:00:00.000;"M ";3996,95;5
2013-05-08 00:00:00.000;"H ";30599,75;17
2013-05-08 00:00:00.000;"M ";3633,89;11
2013-05-09 00:00:00.000;"H ";26360,01;22
2013-05-09 00:00:00.000;"M ";15175,65;21
2013-05-10 00:00:00.000;"H ";16722,57;17
2013-05-10 00:00:00.000;"M ";5321,76;10
2013-05-11 00:00:00.000;"H ";21094,19;17
2013-05-11 00:00:00.000;"M ";6372,88;12
2013-05-12 00:00:00.000;"H ";26119,81;15
2013-05-12 00:00:00.000;"M ";8352,75;11
2013-05-13 00:00:00.000;"H ";26179,21;25
2013-05-13 00:00:00.000;"M ";7448,91;9
2013-05-14 00:00:00.000;"H ";19053,88;11
2013-05-14 00:00:00.000;"M ";6255,25;11
2013-05-15 00:00:00.000;"H ";33197,94;17
2013-05-15 00:00:00.000;"M ";6972,77;9
2013-05-16 00:00:00.000;"H ";38079,08;24
2013-05-16 00:00:00.000;"M ";9979,37;13
2013-05-17 00:00:00.000;"H ";11904,79;9
2013-05-17 00:00:00.000;"M ";3996,95;5
2013-05-18 00:00:00.000;"H ";23659,78;16
2013-05-18 00:00:00.000;"M ";8099,64;8
2013-05-19 00:00:00.000;"H ";25945,17;17
2013-05-19 00:00:00.000;"M ";4550,39;11
2013-05-20 00:00:00.000;"H ";14280,54;8
2013-05-20 00:00:00.000;"M ";12538,69;17
2013-05-21 00:00:00.000;"H ";26495,97;21
2013-05-21 00:00:00.000;"M ";9084,24;12
2013-05-22 00:00:00.000;"H ";28614,28;18
2013-05-22 00:00:00.000;"M ";5571,25;11
2013-05-23 00:00:00.000;"M ";12879,42;16
2013-05-23 00:00:00.000;"H ";21156,63;12
2013-05-24 00:00:00.000;"M ";6391,33;17
2013-05-24 00:00:00.000;"H ";26038,81;20
2013-05-25 00:00:00.000;"H ";33121,82;23
2013-05-25 00:00:00.000;"M ";6403,40;10
2013-05-26 00:00:00.000;"M ";8003,29;7
2013-05-26 00:00:00.000;"H ";14082,38;6
2013-05-27 00:00:00.000;"H ";23940,94;20
2013-05-27 00:00:00.000;"M ";9314,16;20
2013-05-28 00:00:00.000;"H ";35464,97;21
2013-05-28 00:00:00.000;"M ";15707,30;20
2013-05-29 00:00:00.000;"M ";13033,95;13
2013-05-29 00:00:00.000;"H ";21053,27;14
2013-05-30 00:00:00.000;"M ";9807,70;16
2013-05-30 00:00:00.000;"H ";44677,53;26
2013-05-31 00:00:00.000;"M ";4636,90;10
2013-05-31 00:00:00.000;"H ";25991,65;15
2013-06-01 00:00:00.000;"H ";33010,46;23
2013-06-01 00:00:00.000;"M ";4245,65;7
2013-06-02 00:00:00.000;"H ";30692,55;22
2013-06-02 00:00:00.000;"M ";12611,86;14
2013-06-03 00:00:00.000;"H ";35578,65;20
2013-06-03 00:00:00.000;"M ";12854,70;16
2013-06-04 00:00:00.000;"H ";24130,98;18
2013-06-04 00:00:00.000;"M ";10103,72;14
2013-06-05 00:00:00.000;"H ";16708,33;13
2013-06-05 00:00:00.000;"M ";9886,54;18
2013-06-06 00:00:00.000;"H ";38053,88;21
2013-06-06 00:00:00.000;"M ";17616,14;22
2013-06-07 00:00:00.000;"H ";26393,69;18
2013-06-07 00:00:00.000;"M ";19396,83;25
2013-06-08 00:00:00.000;"H ";42211,94;19
2013-06-08 00:00:00.000;"M ";9776,85;15
2013-06-09 00:00:00.000;"H ";25986,45;14
2013-06-09 00:00:00.000;"M ";15389,03;19
2013-06-10 00:00:00.000;"H ";33088,10;20
2013-06-10 00:00:00.000;"M ";15248,14;22
2013-06-11 00:00:00.000;"H ";47616,80;30
2013-06-11 00:00:00.000;"M ";13762,93;15
2013-06-12 00:00:00.000;"M ";23902,62;24
2013-06-12 00:00:00.000;"H ";40718,91;28
2013-06-13 00:00:00.000;"H ";28532,36;24
2013-06-13 00:00:00.000;"M ";9448,25;11
2013-06-14 00:00:00.000;"M ";7707,27;9
2013-06-14 00:00:00.000;"H ";30675,51;17
2013-06-15 00:00:00.000;"H ";16338,09;9
2013-06-15 00:00:00.000;"M ";6500,69;17
2013-06-16 00:00:00.000;"H ";35577,21;18
2013-06-16 00:00:00.000;"M ";12871,94;14
2013-06-17 00:00:00.000;"H ";46799,68;25
2013-06-17 00:00:00.000;"M ";14680,04;18
2013-06-18 00:00:00.000;"H ";35344,73;22
2013-06-18 00:00:00.000;"M ";14424,28;22
2013-06-19 00:00:00.000;"M ";15397,83;17
2013-06-19 00:00:00.000;"H ";37630,68;20
2013-06-20 00:00:00.000;"H ";30742,95;23
2013-06-20 00:00:00.000;"M ";19037,99;23
2013-06-21 00:00:00.000;"H ";18960,72;12
2013-06-21 00:00:00.000;"M ";13322,04;18
2013-06-22 00:00:00.000;"H ";28616,48;20
2013-06-22 00:00:00.000;"M ";15340,70;16
2013-06-23 00:00:00.000;"H ";40269,39;22
2013-06-23 00:00:00.000;"M ";15473,58;14
2013-06-24 00:00:00.000;"H ";44513,97;24
2013-06-24 00:00:00.000;"M ";12130,19;17
2013-06-25 00:00:00.000;"H ";40695,39;24
2013-06-25 00:00:00.000;"M ";19201,38;20
2013-06-26 00:00:00.000;"H ";47079,00;26
2013-06-26 00:00:00.000;"M ";9587,86;14
2013-06-27 00:00:00.000;"H ";23255,66;13
2013-06-27 00:00:00.000;"M ";6923,39;11
2013-06-28 00:00:00.000;"H ";30848,47;16
2013-06-28 00:00:00.000;"M ";15781,33;17
2013-06-29 00:00:00.000;"H ";26179,45;22
2013-06-29 00:00:00.000;"M ";10414,73;13
2013-06-30 00:00:00.000;"M ";12532,40;18
2013-06-30 00:00:00.000;"H ";26075,53;14
2013-07-01 00:00:00.000;"M ";13852,90;18
2013-07-01 00:00:00.000;"H ";40426,07;24
2013-07-02 00:00:00.000;"M ";7033,35;15
2013-07-02 00:00:00.000;"H ";35708,89;20
2013-07-03 00:00:00.000;"H ";32997,90;18
2013-07-03 00:00:00.000;"M ";12106,92;16
2013-07-04 00:00:00.000;"H ";35556,81;28
2013-07-04 00:00:00.000;"M ";10384,06;16
2013-07-05 00:00:00.000;"H ";42670,30;25
2013-07-05 00:00:00.000;"M ";12633,84;16
2013-07-06 00:00:00.000;"H ";42696,66;29
2013-07-06 00:00:00.000;"M ";7411,86;14
2013-07-07 00:00:00.000;"H ";14280,94;9
2013-07-07 00:00:00.000;"M ";8133,77;9
2013-07-08 00:00:00.000;"M ";11369,35;15
2013-07-08 00:00:00.000;"H ";26128,85;18
2013-07-09 00:00:00.000;"H ";37448,24;23
2013-07-09 00:00:00.000;"M ";4631,30;6
2013-07-10 00:00:00.000;"H ";21485,19;18
2013-07-10 00:00:00.000;"M ";12623,66;20
2013-07-11 00:00:00.000;"H ";21083,47;15
2013-07-11 00:00:00.000;"M ";11021,42;16
2013-07-12 00:00:00.000;"H ";21228,47;17
2013-07-12 00:00:00.000;"M ";8272,86;14
2013-07-13 00:00:00.000;"H ";38202,24;21
2013-07-13 00:00:00.000;"M ";9178,76;10
2013-07-14 00:00:00.000;"H ";35495,13;28
2013-07-14 00:00:00.000;"M ";5680,27;9
2013-07-15 00:00:00.000;"H ";25984,77;15
2013-07-15 00:00:00.000;"M ";4091,31;5
2013-07-16 00:00:00.000;"H ";30736,23;19
2013-07-16 00:00:00.000;"M ";11187,16;20
2013-07-17 00:00:00.000;"H ";33356,46;22
2013-07-17 00:00:00.000;"M ";9984,37;13
2013-07-18 00:00:00.000;"H ";33355,34;20
2013-07-18 00:00:00.000;"M ";10142,24;12
2013-07-19 00:00:00.000;"M ";9945,58;14
2013-07-19 00:00:00.000;"H ";28535,52;19
2013-07-20 00:00:00.000;"M ";5720,26;10
2013-07-20 00:00:00.000;"H ";32761,58;20
2013-07-21 00:00:00.000;"M ";8596,72;14
2013-07-21 00:00:00.000;"H ";33305,74;21
2013-07-22 00:00:00.000;"M ";18283,52;20
2013-07-22 00:00:00.000;"H ";18941,64;14
2013-07-23 00:00:00.000;"H ";14257,78;12
2013-07-23 00:00:00.000;"M ";11457,58;14
2013-07-24 00:00:00.000;"H ";14374,82;9
2013-07-24 00:00:00.000;"M ";5842,89;11
2013-07-25 00:00:00.000;"M ";3598,90;10
2013-07-25 00:00:00.000;"H ";26015,53;13
2013-07-26 00:00:00.000;"M ";9348,09;13
2013-07-26 00:00:00.000;"H ";40243,83;25
2013-07-27 00:00:00.000;"M ";10939,73;13
2013-07-27 00:00:00.000;"H ";18996,84;15
2013-07-28 00:00:00.000;"H ";26608,21;18
2013-07-28 00:00:00.000;"M ";11208,69;17
2013-07-29 00:00:00.000;"H ";32944,22;20
2013-07-29 00:00:00.000;"M ";1755,97;3
2013-07-30 00:00:00.000;"H ";49889,59;32
2013-07-30 00:00:00.000;"M ";12364,69;17
2013-07-31 00:00:00.000;"H ";23663,66;12
2013-07-31 00:00:00.000;"M ";4051,93;7
2013-08-01 00:00:00.000;"H ";26189,97;21
2013-08-01 00:00:00.000;"M ";10529,88;12
2013-08-02 00:00:00.000;"H ";42509,78;21
2013-08-02 00:00:00.000;"M ";6170,28;8
2013-08-03 00:00:00.000;"H ";40250,31;24
2013-08-03 00:00:00.000;"M ";7832,83;17
2013-08-04 00:00:00.000;"H ";21469,27;15
2013-08-04 00:00:00.000;"M ";12337,22;14
2013-08-05 00:00:00.000;"H ";32921,94;20
2013-08-05 00:00:00.000;"M ";5025,74;12
2013-08-06 00:00:00.000;"H ";19020,72;13
2013-08-06 00:00:00.000;"M ";9813,72;14
2013-08-07 00:00:00.000;"H ";40239,03;25
2013-08-07 00:00:00.000;"M ";8877,74;12
2013-08-08 00:00:00.000;"M ";7637,90;10
2013-08-08 00:00:00.000;"H ";35297,89;17
2013-08-09 00:00:00.000;"H ";40173,99;27
2013-08-09 00:00:00.000;"M ";10451,19;17
2013-08-10 00:00:00.000;"M ";9244,26;10
2013-08-10 00:00:00.000;"H ";35617,01;19
2013-08-11 00:00:00.000;"H ";30488,07;17
2013-08-11 00:00:00.000;"M ";17943,28;22
2013-08-12 00:00:00.000;"H ";28432,92;16
2013-08-12 00:00:00.000;"M ";13519,83;17
2013-08-13 00:00:00.000;"H ";42464,34;24
2013-08-13 00:00:00.000;"M ";20298,53;19
2013-08-14 00:00:00.000;"H ";45342,97;27
2013-08-14 00:00:00.000;"M ";12618,85;15
2013-08-15 00:00:00.000;"M ";9343,89;11
2013-08-15 00:00:00.000;"H ";26315,77;15
2013-08-16 00:00:00.000;"H ";32823,98;21
2013-08-16 00:00:00.000;"M ";9702,55;17
2013-08-17 00:00:00.000;"H ";23708,10;17
2013-08-17 00:00:00.000;"M ";8190,74;12
2013-08-18 00:00:00.000;"H ";21460,95;13
2013-08-18 00:00:00.000;"M ";3870,26;10
2013-08-19 00:00:00.000;"H ";26157,77;21
2013-08-19 00:00:00.000;"M ";8258,39;11
2013-08-20 00:00:00.000;"H ";27930,64;16
2013-08-20 00:00:00.000;"M ";17501,71;15
2013-08-21 00:00:00.000;"H ";49683,99;25
2013-08-21 00:00:00.000;"M ";6796,37;13
2013-08-22 00:00:00.000;"H ";23958,38;13
2013-08-22 00:00:00.000;"M ";8574,40;10
2013-08-23 00:00:00.000;"H ";42582,54;30
2013-08-23 00:00:00.000;"M ";11368,03;19
2013-08-24 00:00:00.000;"H ";37862,16;24
2013-08-24 00:00:00.000;"M ";10241,93;15
2013-08-25 00:00:00.000;"H ";23502,54;17
2013-08-25 00:00:00.000;"M ";12572,27;17
2013-08-26 00:00:00.000;"H ";51714,50;33
2013-08-26 00:00:00.000;"M ";22810,21;29
2013-08-27 00:00:00.000;"H ";23464,02;14
2013-08-27 00:00:00.000;"M ";13722,01;21
2013-08-28 00:00:00.000;"H ";30580,67;19
2013-08-28 00:00:00.000;"M ";7415,12;10
2013-08-29 00:00:00.000;"H ";30489,35;15
2013-08-29 00:00:00.000;"M ";7281,11;11
2013-08-30 00:00:00.000;"H ";42847,22;26
2013-08-30 00:00:00.000;"M ";12062,73;13
2013-08-31 00:00:00.000;"H ";16821,69;12
2013-08-31 00:00:00.000;"M ";7450,90;10
2013-09-01 00:00:00.000;"H ";18909,04;13
2013-09-01 00:00:00.000;"M ";9149,90;10
2013-09-02 00:00:00.000;"H ";30664,75;21
2013-09-02 00:00:00.000;"M ";8803,71;15
2013-09-03 00:00:00.000;"M ";10182,83;17
2013-09-03 00:00:00.000;"H ";42706,98;25
2013-09-04 00:00:00.000;"M ";11139,24;12
2013-09-04 00:00:00.000;"H ";33092,90;20
2013-09-05 00:00:00.000;"M ";19865,84;16
2013-09-05 00:00:00.000;"H ";44851,61;27
2013-09-06 00:00:00.000;"M ";11198,69;17
2013-09-06 00:00:00.000;"H ";23508,10;12
2013-09-07 00:00:00.000;"M ";8753,92;8
2013-09-07 00:00:00.000;"H ";21516,11;20
2013-09-08 00:00:00.000;"H ";16611,25;11
2013-09-08 00:00:00.000;"M ";11869,35;15
2013-09-09 00:00:00.000;"H ";42541,94;27
2013-09-09 00:00:00.000;"M ";10083,73;13
2013-09-10 00:00:00.000;"H ";16625,93;10
2013-09-10 00:00:00.000;"M ";5885,39;11
2013-09-11 00:00:00.000;"H ";33325,54;20
2013-09-11 00:00:00.000;"M ";10703,08;14
2013-09-12 00:00:00.000;"H ";32954,74;19
2013-09-12 00:00:00.000;"M ";6734,99;9
2013-09-13 00:00:00.000;"H ";28546,84;20
2013-09-13 00:00:00.000;"M ";23077,96;26
2013-09-14 00:00:00.000;"M ";15106,20;16
2013-09-14 00:00:00.000;"H ";26243,17;15
2013-09-15 00:00:00.000;"M ";4224,38;12
2013-09-15 00:00:00.000;"H ";35101,37;20
2013-09-16 00:00:00.000;"M ";15081,21;15
2013-09-16 00:00:00.000;"H ";56197,60;30
2013-09-17 00:00:00.000;"M ";10372,16;20
2013-09-17 00:00:00.000;"H ";42535,30;24
2013-09-18 00:00:00.000;"H ";21093,07;15
2013-09-18 00:00:00.000;"M ";13414,60;12
2013-09-19 00:00:00.000;"H ";19160,00;16
2013-09-19 00:00:00.000;"M ";12653,38;20
2013-09-20 00:00:00.000;"M ";11422,86;14
2013-09-20 00:00:00.000;"H ";9453,52;7
2013-09-21 00:00:00.000;"M ";8195,74;12
2013-09-21 00:00:00.000;"H ";30874,99;19
2013-09-22 00:00:00.000;"M ";12017,75;11
2013-09-22 00:00:00.000;"H ";37949,60;19
2013-09-23 00:00:00.000;"H ";37848,64;21
2013-09-23 00:00:00.000;"M ";14154,71;15
2013-09-24 00:00:00.000;"H ";33137,94;16
2013-09-24 00:00:00.000;"M ";12294,72;14
2013-09-25 00:00:00.000;"H ";23985,02;18
2013-09-25 00:00:00.000;"M ";10688,09;13
2013-09-26 00:00:00.000;"H ";18911,44;13
2013-09-26 00:00:00.000;"M ";12152,70;16
2013-09-27 00:00:00.000;"H ";30545,51;14
2013-09-27 00:00:00.000;"M ";9276,24;12
2013-09-28 00:00:00.000;"H ";35421,61;24
2013-09-28 00:00:00.000;"M ";6955,71;15
2013-09-29 00:00:00.000;"H ";19372,44;16
2013-09-29 00:00:00.000;"M ";5831,95;5
2013-09-30 00:00:00.000;"H ";26211,29;15
2013-09-30 00:00:00.000;"M ";9682,41;9
2013-10-01 00:00:00.000;"H ";44706,57;31
2013-10-01 00:00:00.000;"M ";8046,21;15
2013-10-02 00:00:00.000;"H ";35439,21;26
2013-10-02 00:00:00.000;"M ";5876,14;8
2013-10-03 00:00:00.000;"H ";18758,28;13
2013-10-03 00:00:00.000;"M ";8828,37;13
2013-10-04 00:00:00.000;"M ";9463,58;14
2013-10-04 00:00:00.000;"H ";37526,20;20
2013-10-05 00:00:00.000;"H ";37897,16;25
2013-10-05 00:00:00.000;"M ";9430,85;15
2013-10-06 00:00:00.000;"H ";26096,97;18
2013-10-06 00:00:00.000;"M ";27339,22;28
2013-10-07 00:00:00.000;"H ";33049,58;17
2013-10-07 00:00:00.000;"M ";10221,94;14
2013-10-08 00:00:00.000;"H ";38001,80;21
2013-10-08 00:00:00.000;"M ";14392,14;22
2013-10-09 00:00:00.000;"H ";35350,49;20
2013-10-09 00:00:00.000;"M ";16080,20;16
2013-10-10 00:00:00.000;"H ";21741,71;16
2013-10-10 00:00:00.000;"M ";3155,75;11
2013-10-11 00:00:00.000;"H ";42233,78;24
2013-10-11 00:00:00.000;"M ";14233,55;17
2013-10-12 00:00:00.000;"H ";21156,63;12
2013-10-12 00:00:00.000;"M ";15699,02;20
2013-10-13 00:00:00.000;"H ";28620,76;25
2013-10-13 00:00:00.000;"M ";12880,22;14
2013-10-14 00:00:00.000;"H ";33195,54;17
2013-10-14 00:00:00.000;"M ";12586,87;13
2013-10-15 00:00:00.000;"H ";35829,09;25
2013-10-15 00:00:00.000;"M ";5811,77;9
2013-10-16 00:00:00.000;"H ";23802,94;15
2013-10-16 00:00:00.000;"M ";10307,37;13
2013-10-17 00:00:00.000;"H ";28251,40;18
2013-10-17 00:00:00.000;"M ";12777,58;14
2013-10-18 00:00:00.000;"H ";7074,25;6
2013-10-18 00:00:00.000;"M ";10658,89;11
2013-10-19 00:00:00.000;"H ";32863,06;21
2013-10-19 00:00:00.000;"M ";13950,98;24
2013-10-20 00:00:00.000;"H ";28133,44;22
2013-10-20 00:00:00.000;"M ";13534,83;17
2013-10-21 00:00:00.000;"H ";26010,69;19
2013-10-21 00:00:00.000;"M ";15290,72;14
2013-10-22 00:00:00.000;"H ";23665,50;15
2013-10-22 00:00:00.000;"M ";11407,07;15
2013-10-23 00:00:00.000;"H ";42740,14;23
2013-10-23 00:00:00.000;"M ";18929,08;28
2013-10-24 00:00:00.000;"H ";42444,54;25
2013-10-24 00:00:00.000;"M ";15941,00;22
2013-10-25 00:00:00.000;"H ";28347,92;15
2013-10-25 00:00:00.000;"M ";13888,68;18
2013-10-26 00:00:00.000;"H ";30801,99;18
2013-10-26 00:00:00.000;"M ";7241,92;8
2013-10-27 00:00:00.000;"H ";28431,80;14
2013-10-27 00:00:00.000;"M ";18800,73;21
2013-10-28 00:00:00.000;"H ";42173,78;23
2013-10-28 00:00:00.000;"M ";15541,83;17
2013-10-29 00:00:00.000;"H ";40012,31;27
2013-10-29 00:00:00.000;"M ";12969,32;18
2013-10-30 00:00:00.000;"M ";11474,72;14
2013-10-30 00:00:00.000;"H ";28763,92;16
2013-10-31 00:00:00.000;"M ";16083,88;20
2013-10-31 00:00:00.000;"H ";30421,19;16
2013-11-01 00:00:00.000;"M ";10419,92;8
2013-11-01 00:00:00.000;"H ";64129,57;39
2013-11-02 00:00:00.000;"M ";12988,44;14
2013-11-02 00:00:00.000;"H ";42476,94;28
2013-11-03 00:00:00.000;"M ";11732,33;17
2013-11-03 00:00:00.000;"H ";37571,80;21
2013-11-04 00:00:00.000;"M ";13489,05;17
2013-11-04 00:00:00.000;"H ";35591,85;23
2013-11-05 00:00:00.000;"M ";25313,61;25
2013-11-05 00:00:00.000;"H ";47165,28;25
2013-11-06 00:00:00.000;"M ";13718,82;18
2013-11-06 00:00:00.000;"H ";16437,01;14
2013-11-07 00:00:00.000;"H ";33196,26;18
2013-11-07 00:00:00.000;"M ";18741,47;25
2013-11-08 00:00:00.000;"H ";30838,11;21
2013-11-08 00:00:00.000;"M ";13485,37;13
2013-11-09 00:00:00.000;"H ";44772,13;27
2013-11-09 00:00:00.000;"M ";16404,62;18
2013-11-10 00:00:00.000;"M ";14118,59;13
2013-11-10 00:00:00.000;"H ";30787,15;23
2013-11-11 00:00:00.000;"H ";39736,35;24
2013-11-11 00:00:00.000;"M ";24454,48;24
2013-11-12 00:00:00.000;"H ";37653,24;26
2013-11-12 00:00:00.000;"M ";9990,56;16
2013-11-13 00:00:00.000;"M ";13703,03;19
2013-11-13 00:00:00.000;"H ";46846,88;29
2013-11-14 00:00:00.000;"H ";32702,30;20
2013-11-14 00:00:00.000;"M ";12847,03;19
2013-11-15 00:00:00.000;"H ";42428,46;26
2013-11-15 00:00:00.000;"M ";10222,21;15
2013-11-16 00:00:00.000;"M ";8290,37;13
2013-11-16 00:00:00.000;"H ";42635,10;26
2013-11-17 00:00:00.000;"M ";12715,36;14
2013-11-17 00:00:00.000;"H ";25849,93;18
2013-11-18 00:00:00.000;"M ";21293,88;20
2013-11-18 00:00:00.000;"H ";28652,92;23
2013-11-19 00:00:00.000;"H ";37535,64;24
2013-11-19 00:00:00.000;"M ";17144,66;20
2013-11-20 00:00:00.000;"H ";44646,89;30
2013-11-20 00:00:00.000;"M ";13454,86;14
2013-11-21 00:00:00.000;"H ";32937,34;20
2013-11-21 00:00:00.000;"M ";13520,25;25
2013-11-22 00:00:00.000;"H ";25809,01;15
2013-11-22 00:00:00.000;"M ";14994,70;16
2013-11-23 00:00:00.000;"M ";27107,49;23
2013-11-23 00:00:00.000;"H ";28405,92;17
2013-11-24 00:00:00.000;"M ";14656,18;18
2013-11-24 00:00:00.000;"H ";54085,97;30
2013-11-25 00:00:00.000;"M ";13334,44;14
2013-11-25 00:00:00.000;"H ";44326,13;23
2013-11-26 00:00:00.000;"H ";42593,62;26
2013-11-26 00:00:00.000;"M ";11659,84;16
2013-11-27 00:00:00.000;"H ";35820,17;19
2013-11-27 00:00:00.000;"M ";15394,55;17
2013-11-28 00:00:00.000;"H ";46841,72;22
2013-11-28 00:00:00.000;"M ";11552,21;15
2013-11-29 00:00:00.000;"H ";42970,02;29
2013-11-29 00:00:00.000;"M ";14376,17;19
2013-11-30 00:00:00.000;"M ";9877,34;16
2013-11-30 00:00:00.000;"H ";32900,26;19
2013-12-01 00:00:00.000;"H ";30523,79;19
2013-12-01 00:00:00.000;"M ";19133,14;22
2013-12-02 00:00:00.000;"H ";43010,58;25
2013-12-02 00:00:00.000;"M ";10316,76;10
2013-12-03 00:00:00.000;"H ";38135,00;26
2013-12-03 00:00:00.000;"M ";19908,15;21
2013-12-04 00:00:00.000;"H ";28378,48;23
2013-12-04 00:00:00.000;"M ";8325,35;15
2013-12-05 00:00:00.000;"H ";51869,70;34
2013-12-05 00:00:00.000;"M ";13369,43;15
2013-12-06 00:00:00.000;"H ";25716,41;13
2013-12-06 00:00:00.000;"M ";12601,26;10
2013-12-07 00:00:00.000;"H ";14346,86;12
2013-12-07 00:00:00.000;"M ";14053,20;16
2013-12-08 00:00:00.000;"H ";30418,23;19
2013-12-08 00:00:00.000;"M ";15209,70;16
2013-12-09 00:00:00.000;"H ";26072,73;13
2013-12-09 00:00:00.000;"M ";15958,78;22
2013-12-10 00:00:00.000;"H ";44992,37;26
2013-12-10 00:00:00.000;"M ";11763,59;13
2013-12-11 00:00:00.000;"H ";51551,38;26
2013-12-11 00:00:00.000;"M ";18757,15;21
2013-12-12 00:00:00.000;"M ";16698,76;18
2013-12-12 00:00:00.000;"H ";63394,09;34
2013-12-13 00:00:00.000;"H ";33096,42;22
2013-12-13 00:00:00.000;"M ";20984,27;23
2013-12-14 00:00:00.000;"H ";35175,45;21
2013-12-14 00:00:00.000;"M ";21451,42;30
2013-12-15 00:00:00.000;"H ";37570,64;25
2013-12-15 00:00:00.000;"M ";14784,06;16
2013-12-16 00:00:00.000;"H ";54067,29;33
2013-12-16 00:00:00.000;"M ";12471,83;17
2013-12-17 00:00:00.000;"H ";40108,23;20
2013-12-17 00:00:00.000;"M ";7922,38;12
2013-12-18 00:00:00.000;"H ";33133,46;16
2013-12-18 00:00:00.000;"M ";16371,03;19
2013-12-19 00:00:00.000;"H ";42073,94;27
2013-12-19 00:00:00.000;"M ";45409,87;43
2013-12-20 00:00:00.000;"H ";42200,06;21
2013-12-20 00:00:00.000;"M ";13699,16;20
2013-12-21 00:00:00.000;"H ";32710,26;15
2013-12-21 00:00:00.000;"M ";18374,76;18
2013-12-22 00:00:00.000;"H ";44775,45;26
2013-12-22 00:00:00.000;"M ";13093,59;13
2013-12-23 00:00:00.000;"H ";30680,87;22
2013-12-23 00:00:00.000;"M ";19155,65;21
2013-12-24 00:00:00.000;"H ";42351,94;23
2013-12-24 00:00:00.000;"M ";21609,21;23
2013-12-25 00:00:00.000;"H ";42289,54;22
2013-12-25 00:00:00.000;"M ";13310,85;15
2013-12-26 00:00:00.000;"M ";26843,26;32
2013-12-26 00:00:00.000;"H ";47139,16;23
2013-12-27 00:00:00.000;"M ";9943,86;14
2013-12-27 00:00:00.000;"H ";49349,87;32
2013-12-28 00:00:00.000;"M ";10536,07;15
2013-12-28 00:00:00.000;"H ";30901,79;20
2013-12-29 00:00:00.000;"M ";11869,69;17
2013-12-29 00:00:00.000;"H ";44682,65;26
2013-12-30 00:00:00.000;"M ";16052,69;17
2013-12-30 00:00:00.000;"H ";52167,38;32
2013-12-31 00:00:00.000;"M ";17519,63;23
2013-12-31 00:00:00.000;"H ";44947,89;27
2014-01-01 00:00:00.000;"M ";11359,35;15
2014-01-01 00:00:00.000;"H ";35987,65;24
2014-01-02 00:00:00.000;"M ";21423,05;31
2014-01-02 00:00:00.000;"H ";49545,27;27
2014-01-03 00:00:00.000;"H ";33071,42;22
2014-01-03 00:00:00.000;"M ";17738,34;24
2014-01-04 00:00:00.000;"H ";37574,92;22
2014-01-04 00:00:00.000;"M ";4820,02;6
2014-01-05 00:00:00.000;"H ";202,80;6
2014-01-05 00:00:00.000;"M ";79,97;3
2014-01-06 00:00:00.000;"H ";102,60;3
2014-01-06 00:00:00.000;"M ";59,98;2
2014-01-07 00:00:00.000;"H ";315,00;9
2014-01-07 00:00:00.000;"M ";109,96;4
2014-01-08 00:00:00.000;"H ";67,60;2
2014-01-08 00:00:00.000;"M ";114,96;4
2014-01-09 00:00:00.000;"M ";84,97;3
2014-01-09 00:00:00.000;"H ";70,00;2
2014-01-10 00:00:00.000;"H ";102,60;3
2014-01-10 00:00:00.000;"M ";144,95;5
2014-01-11 00:00:00.000;"H ";132,80;4
2014-01-11 00:00:00.000;"M ";139,95;5
2014-01-12 00:00:00.000;"M ";194,93;7
2014-01-12 00:00:00.000;"H ";268,00;8
2014-01-13 00:00:00.000;"M ";54,98;2
2014-01-13 00:00:00.000;"H ";100,20;3
2014-01-14 00:00:00.000;"M ";59,98;2
2014-01-14 00:00:00.000;"H ";237,80;7
2014-01-15 00:00:00.000;"H ";167,80;5
2014-01-15 00:00:00.000;"M ";174,94;6
2014-01-16 00:00:00.000;"H ";200,40;6
2014-01-16 00:00:00.000;"M ";229,92;8
2014-01-17 00:00:00.000;"H ";67,60;2
2014-01-17 00:00:00.000;"M ";29,99;1
2014-01-18 00:00:00.000;"H ";172,60;5
2014-01-18 00:00:00.000;"M ";84,97;3
2014-01-19 00:00:00.000;"H ";100,20;3
2014-01-19 00:00:00.000;"M ";29,99;1
2014-01-20 00:00:00.000;"H ";102,60;3
2014-01-20 00:00:00.000;"M ";59,98;2
2014-01-21 00:00:00.000;"H ";167,80;5
2014-01-21 00:00:00.000;"M ";139,95;5
2014-01-22 00:00:00.000;"H ";135,20;4
2014-01-22 00:00:00.000;"M ";109,96;4
2014-01-23 00:00:00.000;"H ";172,60;5
2014-01-23 00:00:00.000;"M ";89,97;3
2014-01-24 00:00:00.000;"H ";170,20;5
2014-01-24 00:00:00.000;"M ";139,95;5
2014-01-25 00:00:00.000;"H ";67,60;2
2014-01-25 00:00:00.000;"M ";59,98;2
2014-01-26 00:00:00.000;"H ";65,20;2
2014-01-26 00:00:00.000;"M ";29,99;1
2014-01-27 00:00:00.000;"H ";32,60;1
2014-01-27 00:00:00.000;"M ";59,98;2
2014-01-28 00:00:00.000;"H ";170,20;5
2014-01-28 00:00:00.000;"M ";199,93;7
2014-01-29 00:00:00.000;"H ";102,60;3
2014-01-29 00:00:00.000;"M ";194,93;7
2014-01-30 00:00:00.000;"H ";102,60;3
2014-01-30 00:00:00.000;"M ";134,95;5
2014-01-31 00:00:00.000;"H ";32,60;1
2014-01-31 00:00:00.000;"M ";54,98;2
2014-02-01 00:00:00.000;"H ";102,60;3
2014-02-01 00:00:00.000;"M ";149,95;5
2014-02-02 00:00:00.000;"M ";54,98;2
2014-02-02 00:00:00.000;"H ";32,60;1
2014-02-03 00:00:00.000;"M ";79,97;3
2014-02-03 00:00:00.000;"H ";132,80;4
2014-02-04 00:00:00.000;"M ";84,97;3
2014-02-04 00:00:00.000;"H ";137,60;4
